codigo;producto;precio_normal;desde_cantidad;tipo;porcentaje;precio_promo;fecha_desde;fecha_hasta;activa;detalle
7792180001641;Aceite Cañuelas Girasol 900cc;3600.0;3;precio_fijo;;3528.0;;;1;Precios Mayoristas
7790070265128;Aceite Cocinero Oliva  x 250ml;6100.0;3;precio_fijo;;5978.0;;;1;Precios Mayoristas
7792180001665;Aceite Girasol Cañuelas 1.5L;7000.0;12;precio_fijo;;6720.0;;;1;Precios Mayoristas
7790070012050;Aceite Girasol Cocinero 900cc;3600.0;3;precio_fijo;;3528.0;;;1;Precios Mayoristas
7790010002943;Aceite bebe Jhonson Baby puro 100ml;6600.0;3;precio_fijo;;6468.0;;;1;Precios Mayoristas
7790010002943;Aceite bebe Jhonson Baby puro 100ml;6600.0;12;precio_fijo;;6336.0;;;1;Precios Mayoristas
7797470002711;Aceitunas verde frasco 330g Marolio;3500.0;3;precio_fijo;;3430.0;;;1;Precios Mayoristas
7797470002711;Aceitunas verde frasco 330g Marolio;3500.0;12;precio_fijo;;3360.0;;;1;Precios Mayoristas
7791293047065;Acondicionador Dove nutric Oleos 200ml;4500.0;12;precio_fijo;;4320.0;;;1;Precios Mayoristas
7509552902471;Acondicionador ELVIVE Rep Total Kera 750ml;16500.0;3;precio_fijo;;16170.0;;;1;Precios Mayoristas
7509552902471;Acondicionador ELVIVE Rep Total Kera 750ml;16500.0;12;precio_fijo;;15840.0;;;1;Precios Mayoristas
7790010003247;Acondicionador JHONSON baby Manzanilla 200ml;6900.0;3;precio_fijo;;6762.0;;;1;Precios Mayoristas
7790010003247;Acondicionador JHONSON baby Manzanilla 200ml;6900.0;12;precio_fijo;;6624.0;;;1;Precios Mayoristas
7790010003261;Acondicionador Jhonson baby Glic 200ml;6900.0;3;precio_fijo;;6762.0;;;1;Precios Mayoristas
7790740000363;Acondicionador Plusbelle prot 1000ml coco;4000.0;12;precio_fijo;;3840.0;;;1;Precios Mayoristas
7790740000332;Acondicionador Plusbelle suav 1000ml;4000.0;12;precio_fijo;;3840.0;;;1;Precios Mayoristas
7791293045856;Acondicionador Sedal Brillo Ceramidas 190ml;3300.0;12;precio_fijo;;3168.0;;;1;Precios Mayoristas
77982728;Acondicionador Sedal Ceram sachet 10ml;400.0;3;precio_fijo;;392.0;;;1;Precios Mayoristas
7791293045863;Acondicionador Sedal Crema Balance 190ml;3300.0;12;precio_fijo;;3168.0;;;1;Precios Mayoristas
77982735;Acondicionador Sedal Crema Sachet 10ml;400.0;3;precio_fijo;;392.0;;;1;Precios Mayoristas
77982735;Acondicionador Sedal Crema Sachet 10ml;400.0;12;precio_fijo;;384.0;;;1;Precios Mayoristas
7791293045900;Acondicionador ceramidas d/p 300ml Sedal;3800.0;3;precio_fijo;;3724.0;;;1;Precios Mayoristas
7793640992837;Actron Rap. Acc. x 1u Ibu 600;1500.0;3;precio_fijo;;1470.0;;;1;Precios Mayoristas
7793640992837;Actron Rap. Acc. x 1u Ibu 600;1500.0;10;porcentaje;20.0;1200.0;;;1;tableta
7798113301215;Agua Corazon 500cm3 Manaos;1000.0;3;precio_fijo;;980.0;;;1;Precios Mayoristas
7792900990859;Ajo Deshidratado Dos Anclas 20g;1600.0;12;precio_fijo;;1536.0;;;1;Precios Mayoristas
7790040659605;Alfajor Cofler Block  x 3 1u;2000.0;12;precio_fijo;;1920.0;;;1;Precios Mayoristas
77991584;Alfajor Fantoche Blanco triple 85g;1600.0;3;precio_fijo;;1568.0;;;1;Precios Mayoristas
77991584;Alfajor Fantoche Blanco triple 85g;1600.0;12;precio_fijo;;1536.0;;;1;Precios Mayoristas
77991577;Alfajor Fantoche choco triple 75g;1600.0;3;precio_fijo;;1568.0;;;1;Precios Mayoristas
7798184720892;Alfajor Matilda 80g;2800.0;12;precio_fijo;;2688.0;;;1;Precios Mayoristas
77915481;Alfajor Pepitos triple 57g;1700.0;3;precio_fijo;;1666.0;;;1;Precios Mayoristas
7798397444202;Alfajor Rasta triple Negro;1600.0;3;precio_fijo;;1568.0;;;1;Precios Mayoristas
77939234;Alfajor Terrabusi clasico;1600.0;3;precio_fijo;;1568.0;;;1;Precios Mayoristas
77967442;Alfajor Trassens Negro 70g;1500.0;3;precio_fijo;;1470.0;;;1;Precios Mayoristas
2000000007274;Alfajor escolar x 1u Vimar;600.0;2;precio_fijo;;500.0;;;1;dos o mas
7790064000261;Algodon Estrella 75g;1200.0;3;precio_fijo;;1176.0;;;1;Precios Mayoristas
2000000007441;Alimento Perro x KG Gran Campeon;2500.0;12;precio_fijo;;2400.0;;;1;Precios Mayoristas
2000000004693;Alitas Pollo x kg;3500.0;3;precio_fijo;;3430.0;;;1;Precios Mayoristas
2000000004693;Alitas Pollo x kg;3500.0;12;precio_fijo;;3360.0;;;1;Precios Mayoristas
7790240042108;Alma Mora vino Tinto 750ml;6500.0;3;precio_fijo;;6370.0;;;1;Precios Mayoristas
7899241602875;Almohada soporte Altemburg;19500.0;3;precio_fijo;;19110.0;;;1;Precios Mayoristas
7795345000442;Amoxidal 500 x 8u Roemers;4900.0;12;precio_fijo;;4704.0;;;1;Precios Mayoristas
7791293032443;Antitranspirante Active emotion 150ml Rexona;4300.0;3;precio_fijo;;4214.0;;;1;Precios Mayoristas
7791293032467;Antitranspirante Cotton 150ml Rexona;4300.0;3;precio_fijo;;4214.0;;;1;Precios Mayoristas
7791293032467;Antitranspirante Cotton 150ml Rexona;4300.0;12;precio_fijo;;4128.0;;;1;Precios Mayoristas
7791293033266;Antitranspirante Dove Granada 150ml;5100.0;12;precio_fijo;;4896.0;;;1;Precios Mayoristas
7506306241176;Antitranspirante Dove violeta Fresia 150ml;5100.0;3;precio_fijo;;4998.0;;;1;Precios Mayoristas
7791293032481;Antitranspirante Invisib 150 ml Rexona;4300.0;3;precio_fijo;;4214.0;;;1;Precios Mayoristas
78935068;Antitranspirante gran.verb rol-on 50ml Dove;3800.0;3;precio_fijo;;3724.0;;;1;Precios Mayoristas
7891150081239;Antitranspirante orig Tam Econ 250ml Dove;7400.0;12;precio_fijo;;7104.0;;;1;Precios Mayoristas
7840653003347;Apiron Dipirona 500mg;7500.0;3;precio_fijo;;7350.0;;;1;Precios Mayoristas
7840653003347;Apiron Dipirona 500mg;7500.0;12;precio_fijo;;7200.0;;;1;Precios Mayoristas
7791229001710;Aposito posparto Comodin;3000.0;3;precio_fijo;;2940.0;;;1;Precios Mayoristas
2000000007007;Asado especial x kg;16000.0;3;precio_fijo;;15680.0;;;1;Precios Mayoristas
7798342717696;Autos a Escala 1:24 Varios Modelos;21000.0;3;precio_fijo;;20580.0;;;1;Precios Mayoristas
7798342717696;Autos a Escala 1:24 Varios Modelos;21000.0;12;precio_fijo;;20160.0;;;1;Precios Mayoristas
2000000004365;Azafran;1000.0;12;precio_fijo;;960.0;;;1;Precios Mayoristas
7790199082095;Azucar Don Julian 1kg;1400.0;3;precio_fijo;;1372.0;;;1;Precios Mayoristas
7790199082095;Azucar Don Julian 1kg;1400.0;12;precio_fijo;;1344.0;;;1;Precios Mayoristas
7792540260138;Azucar Ledesma 1kg;1600.0;12;precio_fijo;;1536.0;;;1;Precios Mayoristas
7798158711123;Azucar impalpable 537 80g;900.0;12;precio_fijo;;864.0;;;1;Precios Mayoristas
7790036000329;Baggio pronto naranja 1lt;2800.0;3;precio_fijo;;2744.0;;;1;Precios Mayoristas
7790036000329;Baggio pronto naranja 1lt;2800.0;12;precio_fijo;;2688.0;;;1;Precios Mayoristas
7798342710314;Balanza Digital VTL;20000.0;12;precio_fijo;;19200.0;;;1;Precios Mayoristas
2000000007465;Balde plastico 10l Quechua;6000.0;12;precio_fijo;;5760.0;;;1;Precios Mayoristas
2000000007304;Banana x kg;2500.0;12;precio_fijo;;2400.0;;;1;Precios Mayoristas
7790380020172;Barra cereal Frutos Roj/Yogur 23g Flow;1200.0;12;precio_fijo;;1152.0;;;1;Precios Mayoristas
7790380014928;Barra cereal mix frutas 23g Flow;1400.0;12;precio_fijo;;1344.0;;;1;Precios Mayoristas
2000000006789;Bife/carre Cerdo x kg;8900.0;12;precio_fijo;;8544.0;;;1;Precios Mayoristas
2000000006963;Bifes vaca x kg;16900.0;3;precio_fijo;;16562.0;;;1;Precios Mayoristas
7795735000335;Bizcocho Don Satur Dulce 200g;1400.0;3;precio_fijo;;1372.0;;;1;Precios Mayoristas
7795735000328;Bizcocho Don Satur salado 200g;1400.0;3;precio_fijo;;1372.0;;;1;Precios Mayoristas
7792200000159;Bizcochos 9 de oro Clasicos200g;1600.0;3;precio_fijo;;1568.0;;;1;Precios Mayoristas
7790070432889;Bizcochuelo Chocolate Especial 450g Exquisita;5900.0;3;precio_fijo;;5782.0;;;1;Precios Mayoristas
7790070432889;Bizcochuelo Chocolate Especial 450g Exquisita;5900.0;12;precio_fijo;;5664.0;;;1;Precios Mayoristas
7790971000170;Bizcochuelo Ravana Vainilla 540g;3700.0;12;precio_fijo;;3552.0;;;1;Precios Mayoristas
7790070432964;Bizcochuelo Vainilla 540g Exquisita;5900.0;12;precio_fijo;;5664.0;;;1;Precios Mayoristas
7790580178109;Bolsa Caramelos surtidos Misky 800g;9000.0;12;precio_fijo;;8640.0;;;1;Precios Mayoristas
7797470126295;Bolsa Residuos El Buda 50x70 x 10u;1700.0;12;precio_fijo;;1632.0;;;1;Precios Mayoristas
7794321019089;Bolsa Virutex rollo 50x70 20u;2500.0;12;precio_fijo;;2400.0;;;1;Precios Mayoristas
7792254555414;Bolsa residuo nro 7 x 10 un;1000.0;12;precio_fijo;;960.0;;;1;Precios Mayoristas
78909434;Bombones 3u Ferrero-Rocher;4500.0;3;precio_fijo;;4410.0;;;1;Precios Mayoristas
78909434;Bombones 3u Ferrero-Rocher;4500.0;12;precio_fijo;;4320.0;;;1;Precios Mayoristas
7891000392775;Bombones Garoto Surtidos 250g;9800.0;12;precio_fijo;;9408.0;;;1;Precios Mayoristas
7790580131388;Bombones seleccion  228,6g Arcor;12000.0;3;precio_fijo;;11760.0;;;1;Precios Mayoristas
77958921;Bon o Bon Arcor;600.0;3;precio_fijo;;588.0;;;1;Precios Mayoristas
77958921;Bon o Bon Arcor;600.0;12;precio_fijo;;576.0;;;1;Precios Mayoristas
2000000006796;Bondiola x kg;10000.0;3;precio_fijo;;9800.0;;;1;Precios Mayoristas
7792798015061;Brahma laton 710cc;3500.0;12;precio_fijo;;3360.0;;;1;Precios Mayoristas
7790971000620;Brownie 425g Ravanna;4500.0;3;precio_fijo;;4410.0;;;1;Precios Mayoristas
7793147118822;Budweiser lata 473cc;2500.0;3;precio_fijo;;2450.0;;;1;Precios Mayoristas
7793147118822;Budweiser lata 473cc;2500.0;12;precio_fijo;;2400.0;;;1;Precios Mayoristas
7792798013357;Budweiser laton 710cm3;3500.0;3;precio_fijo;;3430.0;;;1;Precios Mayoristas
7792798013357;Budweiser laton 710cm3;3500.0;12;precio_fijo;;3360.0;;;1;Precios Mayoristas
6972573331604;Cable Carga micro WUW;5000.0;12;precio_fijo;;4800.0;;;1;Precios Mayoristas
7796350506332;Cable Carga rapida tipo C;5000.0;3;precio_fijo;;4900.0;;;1;Precios Mayoristas
7790170903920;Cafe Saquitos Morenita 5g;400.0;12;precio_fijo;;384.0;;;1;Precios Mayoristas
8445291082137;Cafe Suave 170g Dolca;9800.0;3;precio_fijo;;9604.0;;;1;Precios Mayoristas
8445291082175;Cafe instantaneo Dolca 50g;3800.0;12;precio_fijo;;3648.0;;;1;Precios Mayoristas
7794000008564;Caldo Knor x2u Carne;1000.0;3;precio_fijo;;980.0;;;1;Precios Mayoristas
7794000008564;Caldo Knor x2u Carne;1000.0;12;precio_fijo;;960.0;;;1;Precios Mayoristas
7798426251726;Camion Gigante Dino Carry case;49000.0;3;precio_fijo;;48020.0;;;1;Precios Mayoristas
7798347086193;Candela fria 10w;1100.0;3;precio_fijo;;1078.0;;;1;Precios Mayoristas
7798347086193;Candela fria 10w;1100.0;12;precio_fijo;;1056.0;;;1;Precios Mayoristas
7790150435380;Canela Molida 25g Alicante;2000.0;12;precio_fijo;;1920.0;;;1;Precios Mayoristas
2000000002996;Carbon grande;6000.0;3;precio_fijo;;5880.0;;;1;Precios Mayoristas
2000000002996;Carbon grande;6000.0;12;precio_fijo;;5760.0;;;1;Precios Mayoristas
7796350517956;Cargador Carga rapida royalcell;10000.0;3;precio_fijo;;9800.0;;;1;Precios Mayoristas
7794728011174;Cera Depilación Lata 200g rosa Depimiel;8000.0;3;precio_fijo;;7840.0;;;1;Precios Mayoristas
7798052363169;Cereal Arroz inflado 80 Nikitos;1200.0;12;precio_fijo;;1152.0;;;1;Precios Mayoristas
7793147001056;Cerveza Budweizer retornable 1000cc;4100.0;12;precio_fijo;;3936.0;;;1;Precios Mayoristas
7792798003709;Cerveza Corona 330cc;3500.0;12;precio_fijo;;3360.0;;;1;Precios Mayoristas
7792798003716;Cerveza Corona 710cc;6000.0;3;precio_fijo;;5880.0;;;1;Precios Mayoristas
7792798003716;Cerveza Corona 710cc;6000.0;12;precio_fijo;;5760.0;;;1;Precios Mayoristas
7792798007493;Cerveza retornable 1l Brahma;4000.0;12;precio_fijo;;3840.0;;;1;Precios Mayoristas
77969071;Chicle Beldent 10g;1000.0;12;precio_fijo;;960.0;;;1;Precios Mayoristas
2000000002828;Chip movistar;2000.0;3;precio_fijo;;1960.0;;;1;Precios Mayoristas
2000000002835;Chip personal;2000.0;3;precio_fijo;;1960.0;;;1;Precios Mayoristas
7794520869003;Chizitos Krachitos 60g;1500.0;12;precio_fijo;;1440.0;;;1;Precios Mayoristas
7790407031013;Chocolate Barra 100g Aguila;7000.0;3;precio_fijo;;6860.0;;;1;Precios Mayoristas
7790407031013;Chocolate Barra 100g Aguila;7000.0;12;precio_fijo;;6720.0;;;1;Precios Mayoristas
7790580144005;Chocolate Cofler Avellana 140g;6000.0;3;precio_fijo;;5880.0;;;1;Precios Mayoristas
77922120;Chocolate Cofler Block 110g;5700.0;3;precio_fijo;;5586.0;;;1;Precios Mayoristas
77922120;Chocolate Cofler Block 110g;5700.0;12;precio_fijo;;5472.0;;;1;Precios Mayoristas
77907509;Chocolate Dos corazones 26g;1700.0;3;precio_fijo;;1666.0;;;1;Precios Mayoristas
77907509;Chocolate Dos corazones 26g;1700.0;12;precio_fijo;;1632.0;;;1;Precios Mayoristas
7794612065719;Chocolate Hamlet alm/man 45g;1900.0;12;precio_fijo;;1824.0;;;1;Precios Mayoristas
77912718;Chocolate mani 10g Sapito;700.0;3;precio_fijo;;686.0;;;1;Precios Mayoristas
7790580421007;Chocolate x20gr Rocklets;1300.0;12;precio_fijo;;1248.0;;;1;Precios Mayoristas
7790040143234;Chocolinas original 250g;3200.0;12;precio_fijo;;3072.0;;;1;Precios Mayoristas
2000000005775;Chupetin Mister pops Blueberry;500.0;3;precio_fijo;;490.0;;;1;Precios Mayoristas
2000000005768;Chupetin Mister pops Cereza;500.0;12;precio_fijo;;480.0;;;1;Precios Mayoristas
77991959;Chupetin pico dulce;400.0;3;precio_fijo;;392.0;;;1;Precios Mayoristas
7791290794238;Cif crema original 250ml;2600.0;3;precio_fijo;;2548.0;;;1;Precios Mayoristas
2000000007496;Cigarrillos sueltos;200.0;3;precio_fijo;;196.0;;;1;Precios Mayoristas
77982353;Clicle 5g Bubbaloo;200.0;3;precio_fijo;;196.0;;;1;Precios Mayoristas
77982353;Clicle 5g Bubbaloo;200.0;12;precio_fijo;;192.0;;;1;Precios Mayoristas
7622202293733;Club Social Original 6 x 24g;3400.0;3;precio_fijo;;3332.0;;;1;Precios Mayoristas
7790580131487;Cobetura Chocolate Aguila 150g;4700.0;3;precio_fijo;;4606.0;;;1;Precios Mayoristas
7790895000232;Coca Cola lata 350ml;1600.0;3;precio_fijo;;1568.0;;;1;Precios Mayoristas
7509546695501;Colgate Herbal 70g;2700.0;12;precio_fijo;;2592.0;;;1;Precios Mayoristas
7891024134702;Colgate Protección anticaries 90g;4000.0;3;precio_fijo;;3920.0;;;1;Precios Mayoristas
7891024134702;Colgate Protección anticaries 90g;4000.0;12;precio_fijo;;3840.0;;;1;Precios Mayoristas
2000000002378;Condimento Aji molido;1500.0;3;precio_fijo;;1470.0;;;1;Precios Mayoristas
7790150497081;Condimento Alicante Milanesas 25g;1600.0;12;precio_fijo;;1536.0;;;1;Precios Mayoristas
2000000002392;Condimento comino;1500.0;3;precio_fijo;;1470.0;;;1;Precios Mayoristas
2000000002361;Condimento provensal;1500.0;12;precio_fijo;;1440.0;;;1;Precios Mayoristas
2000000006765;Copia color;1000.0;3;precio_fijo;;980.0;;;1;Precios Mayoristas
2000000002637;Coquitos/Coquitin;4300.0;3;precio_fijo;;4214.0;;;1;Precios Mayoristas
7790742141606;Crema Cocinar La serenisima 200ml;3500.0;3;precio_fijo;;3430.0;;;1;Precios Mayoristas
7509546686523;Crema Dental Triple accion;3500.0;3;precio_fijo;;3430.0;;;1;Precios Mayoristas
7798105126055;Crema Levedit polvo 250g;6100.0;12;precio_fijo;;5856.0;;;1;Precios Mayoristas
7790040377806;Criollitas x3 uni;2400.0;12;precio_fijo;;2304.0;;;1;Precios Mayoristas
7702003010743;Curitas 8u;2000.0;12;precio_fijo;;1920.0;;;1;Precios Mayoristas
7791540047862;Dada Vino Malbec 750ml;5900.0;12;precio_fijo;;5664.0;;;1;Precios Mayoristas
7791293049632;Desodorante Rexona Cotton Dry 250ml;6800.0;3;precio_fijo;;6664.0;;;1;Precios Mayoristas
7791290793903;Detergente ALA cremoso 750ml;2800.0;3;precio_fijo;;2744.0;;;1;Precios Mayoristas
7792260000557;Dulce de Membrillo 500g Orieta;2500.0;12;precio_fijo;;2400.0;;;1;Precios Mayoristas
7792260000533;Dulce de batata 500g Orieta;2000.0;12;precio_fijo;;1920.0;;;1;Precios Mayoristas
7790490998231;Edulcorante liquido 250cc Hileret;3800.0;12;precio_fijo;;3648.0;;;1;Precios Mayoristas
2000000004945;Envases esteriles;2000.0;3;precio_fijo;;1960.0;;;1;Precios Mayoristas
2000000006932;Escobillon super plano;3300.0;12;precio_fijo;;3168.0;;;1;Precios Mayoristas
7798158711512;Esencia vainilla 537 100cc;1500.0;12;precio_fijo;;1440.0;;;1;Precios Mayoristas
7790520029089;Espiral verde x 12U RAID;3300.0;12;precio_fijo;;3168.0;;;1;Precios Mayoristas
7794440003303;Esponja Virulana Cuadraditos;1000.0;3;precio_fijo;;980.0;;;1;Precios Mayoristas
7794440003303;Esponja Virulana Cuadraditos;1000.0;12;precio_fijo;;960.0;;;1;Precios Mayoristas
7793253386160;Esponja de acero Mortimer;1600.0;12;precio_fijo;;1536.0;;;1;Precios Mayoristas
7798023690874;Esponja lisa bonux;600.0;3;precio_fijo;;588.0;;;1;Precios Mayoristas
7790290001179;Fernet 450cc Branca;13700.0;3;precio_fijo;;13426.0;;;1;Precios Mayoristas
7790290001179;Fernet 450cc Branca;13700.0;12;precio_fijo;;13152.0;;;1;Precios Mayoristas
2000000002460;Fiambre en fetas Sello de oro;20000.0;12;precio_fijo;;19200.0;;;1;Precios Mayoristas
7797470199268;Fideos Caracol Marolio 500g;1200.0;12;precio_fijo;;1152.0;;;1;Precios Mayoristas
7798031151053;Fideos Codito 500g Sol Pampeano;1200.0;3;precio_fijo;;1176.0;;;1;Precios Mayoristas
7798031151053;Fideos Codito 500g Sol Pampeano;1200.0;12;precio_fijo;;1152.0;;;1;Precios Mayoristas
7790070318343;Fideos Coditos Lucchetti 500g;1700.0;12;precio_fijo;;1632.0;;;1;Precios Mayoristas
7797470199275;Fideos Marolio Codos;1200.0;3;precio_fijo;;1176.0;;;1;Precios Mayoristas
7797470199275;Fideos Marolio Codos;1200.0;12;precio_fijo;;1152.0;;;1;Precios Mayoristas
7790070320315;Fideos Mostachol Favorita 500g;1400.0;12;precio_fijo;;1344.0;;;1;Precios Mayoristas
7797470199251;Fideos Mostachol liso Marolio 500g;1200.0;3;precio_fijo;;1176.0;;;1;Precios Mayoristas
7797470199251;Fideos Mostachol liso Marolio 500g;1200.0;12;precio_fijo;;1152.0;;;1;Precios Mayoristas
7798031150964;Fideos Spaghetti 500g Sol Pampeano;1200.0;3;precio_fijo;;1176.0;;;1;Precios Mayoristas
7798031150964;Fideos Spaghetti 500g Sol Pampeano;1200.0;12;precio_fijo;;1152.0;;;1;Precios Mayoristas
7790070320285;Fideos Spaghetti favorita 500g;1400.0;12;precio_fijo;;1344.0;;;1;Precios Mayoristas
7790070336385;Fideos Spaguetti Lucchetti 500g;1700.0;3;precio_fijo;;1666.0;;;1;Precios Mayoristas
7790070336385;Fideos Spaguetti Lucchetti 500g;1700.0;12;precio_fijo;;1632.0;;;1;Precios Mayoristas
7790070336576;Fideos Tallarin 500 Don Vicente;3500.0;12;precio_fijo;;3360.0;;;1;Precios Mayoristas
6822020100027;Fideos cortaditos 400g Napoli;3000.0;3;precio_fijo;;2940.0;;;1;Precios Mayoristas
6822020100027;Fideos cortaditos 400g Napoli;3000.0;12;precio_fijo;;2880.0;;;1;Precios Mayoristas
7790590016477;Fosforos 3 patitos 222;1000.0;12;precio_fijo;;960.0;;;1;Precios Mayoristas
7790040144095;Galletita 5 x 108gr TRAVIATA;3700.0;12;precio_fijo;;3552.0;;;1;Precios Mayoristas
7622201735296;Galletita Oreo 118g;1500.0;3;precio_fijo;;2548.0;;;1;Precios Mayoristas
7622201735296;Galletita Oreo 118g;1500.0;12;precio_fijo;;2496.0;;;1;Precios Mayoristas
7791324157022;Galletita Vai 160g Pitusa;1200.0;3;precio_fijo;;1176.0;;;1;Precios Mayoristas
7790040139169;Galletita polvorita vain vain 81g;1000.0;3;precio_fijo;;980.0;;;1;Precios Mayoristas
7790040173200;Galletitas 125g kesitas;2200.0;3;precio_fijo;;2156.0;;;1;Precios Mayoristas
7790040173200;Galletitas 125g kesitas;2200.0;12;precio_fijo;;2112.0;;;1;Precios Mayoristas
7790040143005;Galletitas 3 x105 Mediatarde;2300.0;12;precio_fijo;;2208.0;;;1;Precios Mayoristas
7790263110839;Galletitas Leche 165g Okebon;1500.0;12;precio_fijo;;1440.0;;;1;Precios Mayoristas
7792684000591;Galletitas Puritos Bañados 160g Solitas;1700.0;3;precio_fijo;;1666.0;;;1;Precios Mayoristas
7790040003569;Galletitas Rex original 75g;2300.0;3;precio_fijo;;2254.0;;;1;Precios Mayoristas
7790040143517;Galletitas Rumba 110g;2000.0;3;precio_fijo;;1960.0;;;1;Precios Mayoristas
7622201736033;Galletitas cerealitas 212g;2000.0;3;precio_fijo;;1960.0;;;1;Precios Mayoristas
77969903;Galletitas chip 150gr Turimar;1400.0;3;precio_fijo;;1372.0;;;1;Precios Mayoristas
77969903;Galletitas chip 150gr Turimar;1400.0;12;precio_fijo;;1344.0;;;1;Precios Mayoristas
7791787000705;Galletitas pepas Choc trio 300g;2400.0;12;precio_fijo;;2304.0;;;1;Precios Mayoristas
7790040146389;Galletitas vocación 141g;1300.0;12;precio_fijo;;1248.0;;;1;Precios Mayoristas
7622201503987;Galltitas Variedad Terrabusi Choco 300g;3400.0;3;precio_fijo;;3332.0;;;1;Precios Mayoristas
7790971002365;Gelatina Cereza Ravana 40g;1400.0;12;precio_fijo;;1344.0;;;1;Precios Mayoristas
7622201819736;Gelatina Cereza light 25g Royal;1600.0;3;precio_fijo;;1568.0;;;1;Precios Mayoristas
7790971002372;Gelatina Frambuesa Ravana 40g;1500.0;3;precio_fijo;;1470.0;;;1;Precios Mayoristas
7622201820596;Gelatina Frutilla Light 25g Royal;1600.0;3;precio_fijo;;1568.0;;;1;Precios Mayoristas
7622201820596;Gelatina Frutilla Light 25g Royal;1600.0;12;precio_fijo;;1536.0;;;1;Precios Mayoristas
7500435154420;Gillete PRESTOBARBA ultragrip2;1800.0;12;precio_fijo;;1728.0;;;1;Precios Mayoristas
7500435251938;Gillette Venus Suave;2200.0;3;precio_fijo;;2156.0;;;1;Precios Mayoristas
7790580128821;Gomitas Mogul Jelly Buttons 220g;2700.0;12;precio_fijo;;2592.0;;;1;Precios Mayoristas
2000000007694;Gomitas dientitos x kg;20000.0;3;precio_fijo;;19600.0;;;1;Precios Mayoristas
2000000007694;Gomitas dientitos x kg;20000.0;12;precio_fijo;;19200.0;;;1;Precios Mayoristas
2000000004860;Grasa de cerdo 500g;4000.0;12;precio_fijo;;3840.0;;;1;Precios Mayoristas
7790670050728;Hamburguesa Paty finitas 100g;2900.0;12;precio_fijo;;2784.0;;;1;Precios Mayoristas
7797470005668;Harina  0000 1kg Marolio.;1300.0;12;precio_fijo;;1248.0;;;1;Precios Mayoristas
7792180004871;Harina 0000 Pureza 1kg;1500.0;3;precio_fijo;;1470.0;;;1;Precios Mayoristas
7792180140708;Harina Leudante 1kg Pureza;1800.0;3;precio_fijo;;1764.0;;;1;Precios Mayoristas
7790070562180;Harina Leudante Blanca flor 1kg;1900.0;12;precio_fijo;;1824.0;;;1;Precios Mayoristas
7797470000045;Harina Marolio 000 1kg;1000.0;3;precio_fijo;;980.0;;;1;Precios Mayoristas
7797470000045;Harina Marolio 000 1kg;1000.0;12;precio_fijo;;960.0;;;1;Precios Mayoristas
7792180004567;Harina pureza pizza 1kg;1800.0;3;precio_fijo;;1764.0;;;1;Precios Mayoristas
2000000007076;Helado agua Frut/framb 50g Acapulco;600.0;12;precio_fijo;;576.0;;;1;Precios Mayoristas
2000000007038;Helado crema Los Leones;600.0;3;precio_fijo;;588.0;;;1;Precios Mayoristas
2000000007069;Helado pote 1/4;2000.0;3;precio_fijo;;1960.0;;;1;Precios Mayoristas
2000000007069;Helado pote 1/4;2000.0;12;precio_fijo;;1920.0;;;1;Precios Mayoristas
2000000005188;Huevo N1 - Maple;7000.0;6;precio_fijo;;5900.0;;;1;Precios Mayoristas
2000000003078;Huevos N2- Maple;5500.0;2;precio_fijo;;6500.0;;;1;Precios Mayoristas
2000000004976;Ibuprofreno 600 x 1 tira Fabogesic;2000.0;12;precio_fijo;;1920.0;;;1;Precios Mayoristas
7891150025998;Jabon Baby Humec Sens 75g Dove;2500.0;3;precio_fijo;;2450.0;;;1;Precios Mayoristas
7791293050843;Jabon Lux Jazmin Cr 120g;1300.0;3;precio_fijo;;1274.0;;;1;Precios Mayoristas
7791293050843;Jabon Lux Jazmin Cr 120g;1300.0;12;precio_fijo;;1248.0;;;1;Precios Mayoristas
7791293050850;Jabon Lux Lirio Azul;1300.0;3;precio_fijo;;1274.0;;;1;Precios Mayoristas
7791293050850;Jabon Lux Lirio Azul;1300.0;12;precio_fijo;;1248.0;;;1;Precios Mayoristas
7791293050874;Jabon Lux Rosas francesas;1300.0;3;precio_fijo;;1274.0;;;1;Precios Mayoristas
7791293050874;Jabon Lux Rosas francesas;1300.0;12;precio_fijo;;1248.0;;;1;Precios Mayoristas
7791290795112;Jabon Líquido 800ml Limón Grandby;3000.0;3;precio_fijo;;2940.0;;;1;Precios Mayoristas
7790990002162;Jabon Líquido lavado Matic clasico d/p 800ml Zorro;3500.0;3;precio_fijo;;3430.0;;;1;Precios Mayoristas
7790990002162;Jabon Líquido lavado Matic clasico d/p 800ml Zorro;3500.0;12;precio_fijo;;3360.0;;;1;Precios Mayoristas
7790990001837;Jabon Pan 150g Gran Federal;1200.0;3;precio_fijo;;1176.0;;;1;Precios Mayoristas
7791293050966;Jabon Rexona sensible 120g;1800.0;3;precio_fijo;;1764.0;;;1;Precios Mayoristas
7898422746827;Jabon dove exfoliación 90g;2500.0;3;precio_fijo;;2450.0;;;1;Precios Mayoristas
7791290792081;Jabon en polvo ALA Matic eco 800g;3000.0;3;precio_fijo;;2940.0;;;1;Precios Mayoristas
7791290792081;Jabon en polvo ALA Matic eco 800g;3000.0;12;precio_fijo;;2880.0;;;1;Precios Mayoristas
7791290796485;Jabon liquido ALA Blancos 500ml Diluir;7400.0;3;precio_fijo;;7252.0;;;1;Precios Mayoristas
7791290792043;Jabon liquido ALA tradic diluir 500ml;7400.0;12;precio_fijo;;7104.0;;;1;Precios Mayoristas
7791274196041;Jabon líquido Green Tea d/p 300ml;1500.0;12;precio_fijo;;1440.0;;;1;Precios Mayoristas
7791274000737;Jabon líquido cocodream d/p 300;1500.0;3;precio_fijo;;1470.0;;;1;Precios Mayoristas
7791274000737;Jabon líquido cocodream d/p 300;1500.0;12;precio_fijo;;1440.0;;;1;Precios Mayoristas
7790990002230;Jabon polvo Lav. Mano 800g Zorro;2800.0;12;precio_fijo;;2688.0;;;1;Precios Mayoristas
7791274196003;Jabón Líquido Floral Rain d/p 300ml;1500.0;3;precio_fijo;;1470.0;;;1;Precios Mayoristas
7791274196010;Jabón líquido citrus splash 300ml;1500.0;12;precio_fijo;;1440.0;;;1;Precios Mayoristas
7798441563880;Kavanagh Cubre Cama 230x250 Gris Osc;49000.0;3;precio_fijo;;48020.0;;;1;Precios Mayoristas
7798441563880;Kavanagh Cubre Cama 230x250 Gris Osc;49000.0;12;precio_fijo;;47040.0;;;1;Precios Mayoristas
7798441563903;Kavanagh Cubre Cama 230x250 Verde Cla;49000.0;12;precio_fijo;;47040.0;;;1;Precios Mayoristas
7798441563897;Kavanagh Cubre cama Queen 230x150;49000.0;3;precio_fijo;;48020.0;;;1;Precios Mayoristas
7798441563132;Kavanagh cubre cama 160x230 verde;35500.0;12;precio_fijo;;34080.0;;;1;Precios Mayoristas
2000000007533;Ketchup 50g Danica;1000.0;3;precio_fijo;;980.0;;;1;Precios Mayoristas
2000000007533;Ketchup 50g Danica;1000.0;12;precio_fijo;;960.0;;;1;Precios Mayoristas
7791600037345;Kevin desodorante spray 250ml;6100.0;12;precio_fijo;;5856.0;;;1;Precios Mayoristas
7793100120282;Kolinos Super Blancos 180g;4800.0;3;precio_fijo;;4704.0;;;1;Precios Mayoristas
7509546686486;Kolinos Super blanco 70g;2100.0;3;precio_fijo;;2058.0;;;1;Precios Mayoristas
7794520869607;Krachitos X-treme hot 45g;1600.0;12;precio_fijo;;1536.0;;;1;Precios Mayoristas
7798023697415;Lavandina Bonux 1lt;1100.0;3;precio_fijo;;1078.0;;;1;Precios Mayoristas
7798023697415;Lavandina Bonux 1lt;1100.0;12;precio_fijo;;1056.0;;;1;Precios Mayoristas
7791337008410;Leche Chocolatada La serenisima;2300.0;3;precio_fijo;;2254.0;;;1;Precios Mayoristas
7790787054039;Leche chocolatada Ilolay 200ml;1400.0;12;precio_fijo;;1344.0;;;1;Precios Mayoristas
7790742348005;Leche desc la serenisima Sachet 1lt s;2000.0;3;precio_fijo;;1960.0;;;1;Precios Mayoristas
7790813110401;Levadura Calsa 50g;1000.0;3;precio_fijo;;980.0;;;1;Precios Mayoristas
7793253003548;Limpiador Poet Flores Pri 900ml;1900.0;12;precio_fijo;;1824.0;;;1;Precios Mayoristas
7793253003579;Limpiador Poet Solo para ti 900ml;1900.0;12;precio_fijo;;1824.0;;;1;Precios Mayoristas
7798342713414;Lomo atun aceite S&P 170;3000.0;3;precio_fijo;;2940.0;;;1;Precios Mayoristas
77976994;Lucky Strike Convertible 12u;4700.0;3;precio_fijo;;4606.0;;;1;Precios Mayoristas
77976994;Lucky Strike Convertible 12u;4700.0;12;precio_fijo;;4512.0;;;1;Precios Mayoristas
7790520031426;Lysoform frutos bosque 360cm3;4000.0;12;precio_fijo;;3840.0;;;1;Precios Mayoristas
7798347080849;Lámpara Candela 15w;2500.0;3;precio_fijo;;2450.0;;;1;Precios Mayoristas
2000000003061;Lámpara Led Candela 30;2500.0;12;precio_fijo;;2400.0;;;1;Precios Mayoristas
7795735601181;Magdalenas Don Satur Marmolada 200g;3300.0;3;precio_fijo;;3234.0;;;1;Precios Mayoristas
7795735601181;Magdalenas Don Satur Marmolada 200g;3300.0;12;precio_fijo;;3168.0;;;1;Precios Mayoristas
7790990003039;Magistral Limon 500ml;3800.0;12;precio_fijo;;3648.0;;;1;Precios Mayoristas
7798113300041;Manaos Naranja 2,25l;2000.0;12;precio_fijo;;1920.0;;;1;Precios Mayoristas
7798113301024;Manaos Pomelo 2,25l;2000.0;3;precio_fijo;;1960.0;;;1;Precios Mayoristas
2000000007335;Mandarina x kg;1500.0;3;precio_fijo;;1470.0;;;1;Precios Mayoristas
2000000007335;Mandarina x kg;1500.0;12;precio_fijo;;1440.0;;;1;Precios Mayoristas
2000000007366;Mani pelado salado 65g Krachitos;1900.0;12;precio_fijo;;1824.0;;;1;Precios Mayoristas
2000000007373;Mani pelado salado x 280g Krachitos;6000.0;12;precio_fijo;;5760.0;;;1;Precios Mayoristas
7798426255113;Manta Flanell estampada 229x229;31500.0;3;precio_fijo;;30870.0;;;1;Precios Mayoristas
7798426255113;Manta Flanell estampada 229x229;31500.0;12;precio_fijo;;30240.0;;;1;Precios Mayoristas
7798426255120;Manta frannel gris claro HL 130 x 160;21000.0;3;precio_fijo;;20580.0;;;1;Precios Mayoristas
7790787960651;Manteca Ilolay 100g;2400.0;12;precio_fijo;;2304.0;;;1;Precios Mayoristas
77983343;Marlboro box x 12;5100.0;3;precio_fijo;;4998.0;;;1;Precios Mayoristas
7509552928853;Mascarilla ELVIVE Glycolic Gloss 300g;12000.0;3;precio_fijo;;11760.0;;;1;Precios Mayoristas
7509552876437;Mascarilla ELVIVE hialuronico PURE 300g;13500.0;3;precio_fijo;;13230.0;;;1;Precios Mayoristas
7790387800081;Mate cocido Union 25u;2000.0;3;precio_fijo;;1960.0;;;1;Precios Mayoristas
7790387800081;Mate cocido Union 25u;2000.0;12;precio_fijo;;1920.0;;;1;Precios Mayoristas
7794000006096;Mayonesa Hellmanns 118g;900.0;12;precio_fijo;;864.0;;;1;Precios Mayoristas
7791866001197;Mayonesa Natura 125g;900.0;3;precio_fijo;;882.0;;;1;Precios Mayoristas
7791866001197;Mayonesa Natura 125g;900.0;12;precio_fijo;;864.0;;;1;Precios Mayoristas
7791866001203;Mayonesa Natura 250g;2200.0;12;precio_fijo;;2112.0;;;1;Precios Mayoristas
7790670050667;Medallon Carne Paty Caja x 12;19000.0;3;precio_fijo;;18620.0;;;1;Precios Mayoristas
7797470003800;Medallon carne Marolio x 2 138g;2000.0;12;precio_fijo;;1920.0;;;1;Precios Mayoristas
2000000004990;Mejoral para niños x 1u. Gramon;1000.0;2;porcentaje;20.0;800.0;;;1;Mejoralito 2 o mas
7840036105446;Mentolina 10g;2500.0;3;precio_fijo;;2450.0;;;1;Precios Mayoristas
7795184119787;Mermelada Noel Ciruela 454g;3500.0;3;precio_fijo;;3430.0;;;1;Precios Mayoristas
7795184119763;Mermelada Noel Damasco 454g;3500.0;3;precio_fijo;;3430.0;;;1;Precios Mayoristas
7795184119756;Mermelada Noel Durazno 454g;3500.0;12;precio_fijo;;3360.0;;;1;Precios Mayoristas
7795184119770;Mermelada Noel Naranja 454g;3500.0;3;precio_fijo;;3430.0;;;1;Precios Mayoristas
7795184119770;Mermelada Noel Naranja 454g;3500.0;12;precio_fijo;;3360.0;;;1;Precios Mayoristas
7798136921421;Micro fibra Multi uso 35x40 Media Naranja;3400.0;3;precio_fijo;;3332.0;;;1;Precios Mayoristas
7798136921421;Micro fibra Multi uso 35x40 Media Naranja;3400.0;12;precio_fijo;;3264.0;;;1;Precios Mayoristas
2000000002057;Milanesa Pollo x kg;7500.0;2;precio_fijo;;7000.0;;;1;
7793147573386;Miller lata 473cc;2000.0;3;precio_fijo;;1960.0;;;1;Precios Mayoristas
2000000001876;Monopatin 4 Ruedas Metal Reforzado Rosa;48000.0;3;precio_fijo;;47040.0;;;1;Precios Mayoristas
7798422620045;Monster energy Mango;3000.0;3;precio_fijo;;2940.0;;;1;Precios Mayoristas
2000000007281;Morron Rojo x kg;10000.0;12;precio_fijo;;9600.0;;;1;Precios Mayoristas
7798013106910;Mortadela Cagnoli 300g;5800.0;3;precio_fijo;;5684.0;;;1;Precios Mayoristas
7798013106910;Mortadela Cagnoli 300g;5800.0;12;precio_fijo;;5568.0;;;1;Precios Mayoristas
2000000004631;Mortadela Calchaquí x kg;20000.0;3;precio_fijo;;19600.0;;;1;Precios Mayoristas
7790310985571;Nachos Doritos queso 200g;6500.0;3;precio_fijo;;6370.0;;;1;Precios Mayoristas
7790310985571;Nachos Doritos queso 200g;6500.0;12;precio_fijo;;6240.0;;;1;Precios Mayoristas
2000000004587;Naranja Ombligo x kg;1500.0;3;precio_fijo;;1470.0;;;1;Precios Mayoristas
8445291082212;Nescafe Dolca original 170g;9800.0;12;precio_fijo;;9408.0;;;1;Precios Mayoristas
7891010253844;Neutrogena Hidratante 3 en 1;12500.0;12;precio_fijo;;12000.0;;;1;Precios Mayoristas
2000000007472;Palangana Quechua;6000.0;12;precio_fijo;;5760.0;;;1;Precios Mayoristas
2000000006376;Palita recogedor c/palo;3500.0;3;precio_fijo;;3430.0;;;1;Precios Mayoristas
2000000006376;Palita recogedor c/palo;3500.0;12;precio_fijo;;3360.0;;;1;Precios Mayoristas
2000000006840;Palo escoba madera Josmar;1500.0;3;precio_fijo;;1470.0;;;1;Precios Mayoristas
2000000007489;Pan Rallado 1kg Araí;2500.0;12;precio_fijo;;2400.0;;;1;Precios Mayoristas
7797470132623;Pan Rallado Marolio 500g;1200.0;3;precio_fijo;;1176.0;;;1;Precios Mayoristas
7798164190165;Pan de mesa Mimago;3900.0;3;precio_fijo;;3822.0;;;1;Precios Mayoristas
7790907000533;Pan dulce 400gr Mar de Oro;3500.0;3;precio_fijo;;3430.0;;;1;Precios Mayoristas
7798164190226;Pan mimago Hamburgueza;1700.0;3;precio_fijo;;1666.0;;;1;Precios Mayoristas
7798164190257;Pan mimago Panchos;1700.0;12;precio_fijo;;1632.0;;;1;Precios Mayoristas
2000000006772;Pantalon Jogger c/cordon mujer;30000.0;3;precio_fijo;;29400.0;;;1;Precios Mayoristas
7798066070701;Papa frita 500g Chil;8500.0;3;precio_fijo;;8330.0;;;1;Precios Mayoristas
7798066070701;Papa frita 500g Chil;8500.0;12;precio_fijo;;8160.0;;;1;Precios Mayoristas
7798023698689;Papel Higiénico Bonux 24u x 30m;13500.0;3;precio_fijo;;13230.0;;;1;Precios Mayoristas
7798023698689;Papel Higiénico Bonux 24u x 30m;13500.0;12;precio_fijo;;12960.0;;;1;Precios Mayoristas
7790250015536;Papel Higiénico Higienol Plus D/H 4x30m;3500.0;3;precio_fijo;;3430.0;;;1;Precios Mayoristas
7790250016182;Papel higienico higienol fresh 4 x 30;2100.0;3;precio_fijo;;2058.0;;;1;Precios Mayoristas
7798342714589;Parlante portatil Blue tooth VTL;28000.0;3;precio_fijo;;27440.0;;;1;Precios Mayoristas
7798342714589;Parlante portatil Blue tooth VTL;28000.0;12;precio_fijo;;26880.0;;;1;Precios Mayoristas
77958631;Pastilla Mentoplus Cereza;1000.0;3;precio_fijo;;980.0;;;1;Precios Mayoristas
77958631;Pastilla Mentoplus Cereza;1000.0;12;precio_fijo;;960.0;;;1;Precios Mayoristas
77958662;Pastilla mentoplus Menta;1000.0;12;precio_fijo;;960.0;;;1;Precios Mayoristas
77958648;Pastilla mentoplus strong;1500.0;12;precio_fijo;;1440.0;;;1;Precios Mayoristas
77991386;Pastillas frut/crema 16g TikTak;1200.0;3;precio_fijo;;1176.0;;;1;Precios Mayoristas
77020512;Pastillas menta fresca 16g TikTak;1200.0;3;precio_fijo;;1176.0;;;1;Precios Mayoristas
7790360720382;Pate Swift lata 90g;1300.0;12;precio_fijo;;1248.0;;;1;Precios Mayoristas
7790670052869;Paty Express 2u;2000.0;12;precio_fijo;;1920.0;;;1;Precios Mayoristas
7794626015038;Pañal 8u XXG Huggies;4000.0;3;precio_fijo;;3920.0;;;1;Precios Mayoristas
7794626015038;Pañal 8u XXG Huggies;4000.0;12;precio_fijo;;3840.0;;;1;Precios Mayoristas
7790250040750;Pañal Babysec P ultra soft  x12;3100.0;3;precio_fijo;;3038.0;;;1;Precios Mayoristas
7790250042792;Pañal Premium Soft 48u M Babysec;14500.0;3;precio_fijo;;14210.0;;;1;Precios Mayoristas
7500435228602;Pañal XXG 30u babysan Pampers;17000.0;3;precio_fijo;;16660.0;;;1;Precios Mayoristas
7500435228602;Pañal XXG 30u babysan Pampers;17000.0;12;precio_fijo;;16320.0;;;1;Precios Mayoristas
7500435228657;Pañal babysan 8u XXG Pampers;4500.0;3;precio_fijo;;4410.0;;;1;Precios Mayoristas
7500435228657;Pañal babysan 8u XXG Pampers;4500.0;12;precio_fijo;;4320.0;;;1;Precios Mayoristas
780258042082;Pañal ultra Soft XXG 30u babysec;10500.0;3;precio_fijo;;10290.0;;;1;Precios Mayoristas
7790250040781;Pañal ultra soft XG 8u BABYSEC;3500.0;12;precio_fijo;;3360.0;;;1;Precios Mayoristas
7500435228763;Pañales XG baby-Dry 36u Pampers;23000.0;12;precio_fijo;;22080.0;;;1;Precios Mayoristas
2000000006451;Paño amarillo Make;1000.0;3;precio_fijo;;980.0;;;1;Precios Mayoristas
7790250000358;Pañuelo 1u Elite;1000.0;3;precio_fijo;;980.0;;;1;Precios Mayoristas
2000000007083;Pechito cerdo x kg;9500.0;12;precio_fijo;;9120.0;;;1;Precios Mayoristas
2000000007571;Pechuga pollo x Kg;12000.0;3;precio_fijo;;11760.0;;;1;Precios Mayoristas
7790400033083;Pegamento Eccole 3g;3500.0;3;precio_fijo;;3430.0;;;1;Precios Mayoristas
2000000006611;Pelota Clasica NRO 5;25000.0;3;precio_fijo;;24500.0;;;1;Precios Mayoristas
2000000006611;Pelota Clasica NRO 5;25000.0;12;precio_fijo;;24000.0;;;1;Precios Mayoristas
7798342710918;Peluche 1 metro;35500.0;3;precio_fijo;;34790.0;;;1;Precios Mayoristas
77975225;Petaca Criadores 195ml;3000.0;3;precio_fijo;;2940.0;;;1;Precios Mayoristas
77975225;Petaca Criadores 195ml;3000.0;12;precio_fijo;;2880.0;;;1;Precios Mayoristas
77981813;Philips Morris Box 12;4500.0;3;precio_fijo;;4410.0;;;1;Precios Mayoristas
7790360720115;Picadillo Swift 90g;1300.0;3;precio_fijo;;1274.0;;;1;Precios Mayoristas
041333431482;Pilas Duracell AAA X 2;3000.0;3;precio_fijo;;2940.0;;;1;Precios Mayoristas
7792900911250;Pimenton  Dos Anclas 50g;2000.0;12;precio_fijo;;1920.0;;;1;Precios Mayoristas
7791324157466;Pitusas Frutilla 160g;1400.0;3;precio_fijo;;1372.0;;;1;Precios Mayoristas
7791324000069;Pitusas Limon 160g;1400.0;3;precio_fijo;;1372.0;;;1;Precios Mayoristas
7791324157046;Pitusas chocolate 160g;1400.0;12;precio_fijo;;1344.0;;;1;Precios Mayoristas
7790070040015;Pizza Sibarita muzza 470g;11500.0;12;precio_fijo;;11040.0;;;1;Precios Mayoristas
2000000005423;Pizza muzza horno Casero 470g Molinos-Cañuelas;10400.0;3;precio_fijo;;10192.0;;;1;Precios Mayoristas
2000000005423;Pizza muzza horno Casero 470g Molinos-Cañuelas;10400.0;12;precio_fijo;;9984.0;;;1;Precios Mayoristas
7798052363121;Pizzitos 80g Nikitos;1000.0;12;precio_fijo;;960.0;;;1;Precios Mayoristas
7798113302090;Placer Naranja 1.5l;1500.0;12;precio_fijo;;1440.0;;;1;Precios Mayoristas
7798113302113;Placer Pomelo 1,5L;1500.0;3;precio_fijo;;1470.0;;;1;Precios Mayoristas
7790580138738;Polenta Presto Pronta 490g;1700.0;3;precio_fijo;;1666.0;;;1;Precios Mayoristas
2000000007687;Pote yuyo SuperMate/jamaica/SuperTere/coco;3000.0;3;precio_fijo;;2940.0;;;1;Precios Mayoristas
7791519000676;Preservativo Prime lubricado;5500.0;12;precio_fijo;;5280.0;;;1;Precios Mayoristas
7791130683678;Procenex Limon 900ml;1600.0;3;precio_fijo;;1568.0;;;1;Precios Mayoristas
7791130683678;Procenex Limon 900ml;1600.0;12;precio_fijo;;1536.0;;;1;Precios Mayoristas
2000000007557;Prolongador zapatilla 5 Tomás 1,5mm;17000.0;12;precio_fijo;;16320.0;;;1;Precios Mayoristas
7792900009230;Provenzal dos anclas 25g;2000.0;12;precio_fijo;;1920.0;;;1;Precios Mayoristas
7795184001907;Pure de tomate Noel 520g;1200.0;3;precio_fijo;;1176.0;;;1;Precios Mayoristas
7795184001907;Pure de tomate Noel 520g;1200.0;12;precio_fijo;;1152.0;;;1;Precios Mayoristas
7790036567440;Pure de tomates de la huerta 530g;1400.0;3;precio_fijo;;1372.0;;;1;Precios Mayoristas
7791337061422;Queso Crema La serenisima Clasico 290g;4700.0;12;precio_fijo;;4512.0;;;1;Precios Mayoristas
7792882029448;Queso Rallado LA QUESERA 40g;1200.0;12;precio_fijo;;1152.0;;;1;Precios Mayoristas
2000000002453;Queso Tybo en fetas Punta de agua;20000.0;3;precio_fijo;;19600.0;;;1;Precios Mayoristas
2000000002453;Queso Tybo en fetas Punta de agua;20000.0;12;precio_fijo;;19200.0;;;1;Precios Mayoristas
2000000002040;Queso cremoso Punta Agua;12000.0;12;precio_fijo;;11520.0;;;1;Precios Mayoristas
7794050005117;Quitaesmalte hipoalarg 120ml Doree;3800.0;3;precio_fijo;;3724.0;;;1;Precios Mayoristas
2000000005287;Qura Plus x 1u;2000.0;12;precio_fijo;;1920.0;;;1;Precios Mayoristas
7790580154493;Ramen camarones 65g Arcor;1400.0;3;precio_fijo;;1372.0;;;1;Precios Mayoristas
7790580154493;Ramen camarones 65g Arcor;1400.0;12;precio_fijo;;1344.0;;;1;Precios Mayoristas
77974907;Red Point 10;1500.0;3;precio_fijo;;1470.0;;;1;Precios Mayoristas
77974907;Red Point 10;1500.0;12;precio_fijo;;1440.0;;;1;Precios Mayoristas
77900883;Red Point 20 u;2500.0;12;precio_fijo;;2400.0;;;1;Precios Mayoristas
77959751;Red Point on click 20u;3500.0;3;precio_fijo;;3430.0;;;1;Precios Mayoristas
77959751;Red Point on click 20u;3500.0;12;precio_fijo;;3360.0;;;1;Precios Mayoristas
7500435198103;Repuesto mach3 x 3;9600.0;3;precio_fijo;;9408.0;;;1;Precios Mayoristas
7500435198103;Repuesto mach3 x 3;9600.0;12;precio_fijo;;9216.0;;;1;Precios Mayoristas
7791293051963;Rexona Efficient Original 100g;4800.0;3;precio_fijo;;4704.0;;;1;Precios Mayoristas
7791293044484;Rexona Efficient fresh 100g;4800.0;3;precio_fijo;;4704.0;;;1;Precios Mayoristas
7798342715210;Rollo cocina Gigante 200p Bonux;2000.0;3;precio_fijo;;1960.0;;;1;Precios Mayoristas
7798342715210;Rollo cocina Gigante 200p Bonux;2000.0;12;precio_fijo;;1920.0;;;1;Precios Mayoristas
7790250056881;Rollos cocina Sussex Clasic 3x50;1900.0;3;precio_fijo;;1862.0;;;1;Precios Mayoristas
2000000006970;Rosbeef;17000.0;3;precio_fijo;;16660.0;;;1;Precios Mayoristas
7792900092683;Sal Parrillera 500g Dos Anclas;2000.0;3;precio_fijo;;1960.0;;;1;Precios Mayoristas
7792900092683;Sal Parrillera 500g Dos Anclas;2000.0;12;precio_fijo;;1920.0;;;1;Precios Mayoristas
7792900000428;Sal fina Dos Anclas 500g;1400.0;3;precio_fijo;;1372.0;;;1;Precios Mayoristas
7792900000428;Sal fina Dos Anclas 500g;1400.0;12;precio_fijo;;1344.0;;;1;Precios Mayoristas
7792900000138;Sal fina estuche 500gr Dos Anclas;1600.0;12;precio_fijo;;1536.0;;;1;Precios Mayoristas
7790580697303;Saladix Pizza 100g Arcor;3600.0;12;precio_fijo;;3456.0;;;1;Precios Mayoristas
7790670052364;Salchicha Patyviena 6u;2500.0;12;precio_fijo;;2400.0;;;1;Precios Mayoristas
7798260740134;Salchicha union ganadera 6 u;2500.0;12;precio_fijo;;2400.0;;;1;Precios Mayoristas
7791866004471;Salsa Barbacoa 250cc Natura;2600.0;3;precio_fijo;;2548.0;;;1;Precios Mayoristas
7791866004471;Salsa Barbacoa 250cc Natura;2600.0;12;precio_fijo;;2496.0;;;1;Precios Mayoristas
7790580133184;Salsa Fileto Arcor 340g;1700.0;3;precio_fijo;;1666.0;;;1;Precios Mayoristas
7790580134457;Salsa Pomarola Noel 340g;1600.0;3;precio_fijo;;1568.0;;;1;Precios Mayoristas
7790580134457;Salsa Pomarola Noel 340g;1600.0;12;precio_fijo;;1536.0;;;1;Precios Mayoristas
7793253005153;Selton Moscas y Mosquitos 360cc;4300.0;3;precio_fijo;;4214.0;;;1;Precios Mayoristas
7791337008489;Serenito c/chocobombas 118g;2700.0;12;precio_fijo;;2592.0;;;1;Precios Mayoristas
7798426253423;Set 6 vasos Vidrio 320ml;17000.0;3;precio_fijo;;16660.0;;;1;Precios Mayoristas
7790740000233;Shampoo Plusbelle Brillo 1000ml;4000.0;3;precio_fijo;;3920.0;;;1;Precios Mayoristas
7790740000233;Shampoo Plusbelle Brillo 1000ml;4000.0;12;precio_fijo;;3840.0;;;1;Precios Mayoristas
7790740000264;Shampoo Plusbelle nutrición 1000ml;4000.0;12;precio_fijo;;3840.0;;;1;Precios Mayoristas
7790740000288;Shampoo Plusbelle proteccion Coco;4000.0;3;precio_fijo;;3920.0;;;1;Precios Mayoristas
77982698;Shampoo Sedal Ceram Sachet 10ml;400.0;3;precio_fijo;;392.0;;;1;Precios Mayoristas
77982698;Shampoo Sedal Ceram Sachet 10ml;400.0;12;precio_fijo;;384.0;;;1;Precios Mayoristas
7791293045665;Shampoo Sedal crema balance 190ml;3300.0;12;precio_fijo;;3168.0;;;1;Precios Mayoristas
77982704;Shampoo Sedal crema sachet 10ml;400.0;3;precio_fijo;;392.0;;;1;Precios Mayoristas
7790010003162;Shampoo original 200ml Jhonson Baby;6400.0;3;precio_fijo;;6272.0;;;1;Precios Mayoristas
7790010003162;Shampoo original 200ml Jhonson Baby;6400.0;12;precio_fijo;;6144.0;;;1;Precios Mayoristas
7791250001871;Smirnoff Raspberry 700ml;9600.0;12;precio_fijo;;9216.0;;;1;Precios Mayoristas
7791250002243;Smirnoff Watermelon 700ml;9600.0;12;precio_fijo;;9216.0;;;1;Precios Mayoristas
7791250001345;Smirnoff vodka 700ml;9600.0;12;precio_fijo;;9216.0;;;1;Precios Mayoristas
7798176570399;Solución Fisiológica 100cc Sanafarm;2000.0;12;precio_fijo;;1920.0;;;1;Precios Mayoristas
7791290793682;Suavizante Confort clasico 900ml;4300.0;12;precio_fijo;;4128.0;;;1;Precios Mayoristas
7791905000921;Suavizante Flor.silv 900 Querubin;3500.0;3;precio_fijo;;3430.0;;;1;Precios Mayoristas
7790990000618;Suavizante Suave viol/campo;2500.0;12;precio_fijo;;2400.0;;;1;Precios Mayoristas
7797470129098;Suavizante dulz Sol 900cc d/p esencial;2000.0;12;precio_fijo;;1920.0;;;1;Precios Mayoristas
7790040147720;Surtido Bagley 400g;3600.0;3;precio_fijo;;3528.0;;;1;Precios Mayoristas
7790040143364;Surtidos Diversion Arcor 400g;3500.0;3;precio_fijo;;3430.0;;;1;Precios Mayoristas
7791905002567;Suvizante Flor Citric Querubin 900ml;3500.0;3;precio_fijo;;3430.0;;;1;Precios Mayoristas
7791905002567;Suvizante Flor Citric Querubin 900ml;3500.0;12;precio_fijo;;3360.0;;;1;Precios Mayoristas
2000000005256;Tafirol forte 650 Paracetamol x1u;1000.0;3;precio_fijo;;980.0;;;1;Precios Mayoristas
2000000005256;Tafirol forte 650 Paracetamol x1u;1000.0;12;precio_fijo;;960.0;;;1;Precios Mayoristas
7500810034538;Takis Fuego 48g;1900.0;12;precio_fijo;;1824.0;;;1;Precios Mayoristas
7500810034477;Takis Original 85g;2800.0;3;precio_fijo;;2744.0;;;1;Precios Mayoristas
7500810034491;Takis original 49g;1900.0;3;precio_fijo;;1862.0;;;1;Precios Mayoristas
7791218124536;Tapa empanada Criolla Orali 12u;2500.0;12;precio_fijo;;2400.0;;;1;Precios Mayoristas
7790387001419;Te Boldo Taragui 20 saq;2400.0;12;precio_fijo;;2304.0;;;1;Precios Mayoristas
7790387001433;Te Tilo Taragui 20 saq;2900.0;3;precio_fijo;;2842.0;;;1;Precios Mayoristas
7790387800135;Te taragui 25u;1000.0;12;precio_fijo;;960.0;;;1;Precios Mayoristas
7794626014932;Toalla Femenina  c/a 8u Cotex;3000.0;3;precio_fijo;;2940.0;;;1;Precios Mayoristas
7500435229500;Toalla Femenina Always nocturna 8u;3700.0;3;precio_fijo;;3626.0;;;1;Precios Mayoristas
7790770602070;Toalla Femenina Calipso normal c/a 8u;1500.0;3;precio_fijo;;1470.0;;;1;Precios Mayoristas
7790770602117;Toalla Femenina nocturna 8u Calipso;1600.0;3;precio_fijo;;1568.0;;;1;Precios Mayoristas
7790770601905;Toalla femenina Nosotras normal c/a 8u;2500.0;12;precio_fijo;;2400.0;;;1;Precios Mayoristas
2000000007298;Tomate Perita x kg;3000.0;3;precio_fijo;;2940.0;;;1;Precios Mayoristas
2000000004570;Tomate Redondo;2500.0;3;precio_fijo;;2450.0;;;1;Precios Mayoristas
7790696003005;Tomate triturado botella S&P 970g;3000.0;3;precio_fijo;;2940.0;;;1;Precios Mayoristas
7798136921742;Trapo piso 58x60 Media Naranja;2900.0;12;precio_fijo;;2784.0;;;1;Precios Mayoristas
7798052363152;Tutuca Nikitos 80g;900.0;3;precio_fijo;;882.0;;;1;Precios Mayoristas
2000000005089;Uvasal sobre doble 5g;2000.0;3;precio_fijo;;1960.0;;;1;Precios Mayoristas
7790628102639;Vainillas 160g Mauri;1700.0;3;precio_fijo;;1666.0;;;1;Precios Mayoristas
7790391466297;Vela estrella/globo x 1u;2900.0;12;precio_fijo;;2784.0;;;1;Precios Mayoristas
2000000007168;Vela torneada por 1u TUKI;1000.0;12;precio_fijo;;960.0;;;1;Precios Mayoristas
2000000007151;Velas Largas Gibre  x 1u Sylicon;1000.0;3;precio_fijo;;980.0;;;1;Precios Mayoristas
7797470130452;Velas x4 Esencial 16X205;1900.0;3;precio_fijo;;1862.0;;;1;Precios Mayoristas
7792900093246;Vinagre alcoh dos anclas 1lt;3300.0;12;precio_fijo;;3168.0;;;1;Precios Mayoristas
7790703204968;Vino Don Valentin Lacrado 750ml;3700.0;3;precio_fijo;;3626.0;;;1;Precios Mayoristas
7790703204968;Vino Don Valentin Lacrado 750ml;3700.0;12;precio_fijo;;3552.0;;;1;Precios Mayoristas
7794440001729;Virulana rollitos x6;1300.0;3;precio_fijo;;1274.0;;;1;Precios Mayoristas
7791843008294;Viñas de balbo tinto 1125ml;3200.0;3;precio_fijo;;3136.0;;;1;Precios Mayoristas
7791843008294;Viñas de balbo tinto 1125ml;3200.0;12;precio_fijo;;3072.0;;;1;Precios Mayoristas
7790710334573;Yerba CBC hierbas serranas 1kg;4100.0;3;precio_fijo;;4018.0;;;1;Precios Mayoristas
7790710334573;Yerba CBC hierbas serranas 1kg;4100.0;12;precio_fijo;;3936.0;;;1;Precios Mayoristas
7790387013610;Yerba Taragui 1kg;4200.0;3;precio_fijo;;4116.0;;;1;Precios Mayoristas
7790387013627;Yerba Taragui 500g;2300.0;3;precio_fijo;;2254.0;;;1;Precios Mayoristas
7798001562834;Yogur c/anillos Vai 150g chemigal;1400.0;3;precio_fijo;;1372.0;;;1;Precios Mayoristas
7798001562834;Yogur c/anillos Vai 150g chemigal;1400.0;12;precio_fijo;;1344.0;;;1;Precios Mayoristas
7793913014198;Yogur tregar Frutilla 150g;1800.0;3;precio_fijo;;1764.0;;;1;Precios Mayoristas
2000000007342;Zanahoria x kg;1800.0;3;precio_fijo;;1764.0;;;1;Precios Mayoristas
7790040003606;kesitas 75g;1400.0;3;precio_fijo;;1372.0;;;1;Precios Mayoristas
7795711000106;Ñoquis V.Dagri;2800.0;12;precio_fijo;;2688.0;;;1;Precios Mayoristas
727373026986;Aceite 4 litros Prados del Sol;13000.0;12;precio_fijo;;12480.0;;;1;Precios Mayoristas
7792180001641;Aceite Cañuelas Girasol 900cc;3600.0;12;precio_fijo;;3456.0;;;1;Precios Mayoristas
7797470005279;Aceite Girasol 1.5l Marolio;6000.0;3;precio_fijo;;5880.0;;;1;Precios Mayoristas
7797470005279;Aceite Girasol 1.5l Marolio;6000.0;12;precio_fijo;;5760.0;;;1;Precios Mayoristas
7797470005682;Aceite Girasol 5lt MAROLIO;19300.0;12;precio_fijo;;18528.0;;;1;Precios Mayoristas
7792180001665;Aceite Girasol Cañuelas 1.5L;7000.0;3;precio_fijo;;6860.0;;;1;Precios Mayoristas
7790272001005;Aceite Natura 900ml;5000.0;3;precio_fijo;;4900.0;;;1;Precios Mayoristas
7790272001005;Aceite Natura 900ml;5000.0;12;precio_fijo;;4800.0;;;1;Precios Mayoristas
7791293045887;Acondicionador  Sedal Rest inst 190ml;3300.0;12;precio_fijo;;3168.0;;;1;Precios Mayoristas
7791293047072;Acondicionador Dove Reg + colag 200ml;4500.0;3;precio_fijo;;4410.0;;;1;Precios Mayoristas
7791293047072;Acondicionador Dove Reg + colag 200ml;4500.0;12;precio_fijo;;4320.0;;;1;Precios Mayoristas
7791293047065;Acondicionador Dove nutric Oleos 200ml;4500.0;3;precio_fijo;;4410.0;;;1;Precios Mayoristas
7509552876550;Acondicionador ELVIVE Hialuronico pure 750ml;16500.0;3;precio_fijo;;16170.0;;;1;Precios Mayoristas
7509552876550;Acondicionador ELVIVE Hialuronico pure 750ml;16500.0;12;precio_fijo;;15840.0;;;1;Precios Mayoristas
7790740000318;Acondicionador Plusbelle Brillo 1000ml;4000.0;12;precio_fijo;;3840.0;;;1;Precios Mayoristas
7790740000332;Acondicionador Plusbelle suav 1000ml;4000.0;3;precio_fijo;;3920.0;;;1;Precios Mayoristas
7790895643866;Ades multifruta 1L;2800.0;3;precio_fijo;;2744.0;;;1;Precios Mayoristas
7798113301215;Agua Corazon 500cm3 Manaos;1000.0;12;precio_fijo;;960.0;;;1;Precios Mayoristas
7798113301611;Agua mineral 2L Villa manaos;1600.0;12;precio_fijo;;1536.0;;;1;Precios Mayoristas
7798110210374;Agua oxigenada 10v 100ml Copea;2000.0;3;precio_fijo;;1960.0;;;1;Precios Mayoristas
7798110210374;Agua oxigenada 10v 100ml Copea;2000.0;12;precio_fijo;;1920.0;;;1;Precios Mayoristas
7790139000462;Alcohol Etilico 96% Bialcohol 250ml;2500.0;12;precio_fijo;;2400.0;;;1;Precios Mayoristas
7790040991910;Alfajor B&n Bagley x3 1u;1500.0;12;precio_fijo;;1440.0;;;1;Precios Mayoristas
7790040659605;Alfajor Cofler Block  x 3 1u;2000.0;3;precio_fijo;;1960.0;;;1;Precios Mayoristas
7798184720892;Alfajor Matilda 80g;2800.0;3;precio_fijo;;2744.0;;;1;Precios Mayoristas
7798397440013;Alfajor Rasta triple Blanco;1500.0;3;precio_fijo;;1470.0;;;1;Precios Mayoristas
7798397440013;Alfajor Rasta triple Blanco;1500.0;12;precio_fijo;;1440.0;;;1;Precios Mayoristas
7790040405301;Alfajor tatin blanco 3;1500.0;3;precio_fijo;;1470.0;;;1;Precios Mayoristas
2000000004884;Alikal sobre 4,5g;1200.0;3;precio_fijo;;1176.0;;;1;Precios Mayoristas
2000000007441;Alimento Perro x KG Gran Campeon;2500.0;3;precio_fijo;;2450.0;;;1;Precios Mayoristas
7899241602462;Almohada Felicity 50 x 70 Altenburg;17000.0;3;precio_fijo;;16660.0;;;1;Precios Mayoristas
7899241602875;Almohada soporte Altemburg;19500.0;12;precio_fijo;;18720.0;;;1;Precios Mayoristas
7798426252020;Almohadon Rayas Gruesa 50x50;25000.0;3;precio_fijo;;24500.0;;;1;Precios Mayoristas
7798426252020;Almohadon Rayas Gruesa 50x50;25000.0;12;precio_fijo;;24000.0;;;1;Precios Mayoristas
7795345000442;Amoxidal 500 x 8u Roemers;4900.0;3;precio_fijo;;4802.0;;;1;Precios Mayoristas
7791293032443;Antitranspirante Active emotion 150ml Rexona;4300.0;12;precio_fijo;;4128.0;;;1;Precios Mayoristas
7791293048482;Antitranspirante Dove Fresh care Pom Hier 150ml;5100.0;3;precio_fijo;;4998.0;;;1;Precios Mayoristas
7791293032481;Antitranspirante Invisib 150 ml Rexona;4300.0;12;precio_fijo;;4128.0;;;1;Precios Mayoristas
7797470003701;Arroz Largo Fino Marolio 500g;1000.0;3;precio_fijo;;980.0;;;1;Precios Mayoristas
7797470003701;Arroz Largo Fino Marolio 500g;1000.0;12;precio_fijo;;960.0;;;1;Precios Mayoristas
7791120031557;Arroz Largo Fino Molinos ALA 1kg;2000.0;3;precio_fijo;;1960.0;;;1;Precios Mayoristas
7791120031557;Arroz Largo Fino Molinos ALA 1kg;2000.0;12;precio_fijo;;1920.0;;;1;Precios Mayoristas
7797470003718;Arroz Marolio Largo Fino 1kg;1800.0;12;precio_fijo;;1728.0;;;1;Precios Mayoristas
2000000006956;Asado americano x kg;16900.0;3;precio_fijo;;16562.0;;;1;Precios Mayoristas
2000000004365;Azafran;1000.0;3;precio_fijo;;980.0;;;1;Precios Mayoristas
7798174970016;Azucar 1kg Azucel;1400.0;12;precio_fijo;;1344.0;;;1;Precios Mayoristas
7792540293754;Azucar Light 500g Ledezma;1900.0;3;precio_fijo;;1862.0;;;1;Precios Mayoristas
7792540293754;Azucar Light 500g Ledezma;1900.0;12;precio_fijo;;1824.0;;;1;Precios Mayoristas
7798158711123;Azucar impalpable 537 80g;900.0;3;precio_fijo;;882.0;;;1;Precios Mayoristas
7794940000536;Azucar light 500g Hileret;2600.0;12;precio_fijo;;2496.0;;;1;Precios Mayoristas
7790380020240;Barra cereal Flow Almend/choco 30g;1400.0;3;precio_fijo;;1372.0;;;1;Precios Mayoristas
7794520869027;Bastonitos Krachitos 60g;1500.0;3;precio_fijo;;1470.0;;;1;Precios Mayoristas
7794520869027;Bastonitos Krachitos 60g;1500.0;12;precio_fijo;;1440.0;;;1;Precios Mayoristas
7790010003193;Baño Liquido Glic 200ml Jhonson;5000.0;3;precio_fijo;;4900.0;;;1;Precios Mayoristas
7790010003193;Baño Liquido Glic 200ml Jhonson;5000.0;12;precio_fijo;;4800.0;;;1;Precios Mayoristas
2000000007175;Bengala Gibre cumpleaños x1 Sylcon;3500.0;3;precio_fijo;;3430.0;;;1;Precios Mayoristas
7792900092805;Bicarbonato 25g Dos Anclas;1000.0;3;precio_fijo;;980.0;;;1;Precios Mayoristas
7790150430392;Bicarbonato de sodio Alicante;2000.0;3;precio_fijo;;1960.0;;;1;Precios Mayoristas
7790150430392;Bicarbonato de sodio Alicante;2000.0;12;precio_fijo;;1920.0;;;1;Precios Mayoristas
7798113301505;Bidon Agua Manaos 6lt;2900.0;3;precio_fijo;;2842.0;;;1;Precios Mayoristas
2000000006963;Bifes vaca x kg;16900.0;12;precio_fijo;;16224.0;;;1;Precios Mayoristas
7792200000159;Bizcochos 9 de oro Clasicos200g;1600.0;12;precio_fijo;;1536.0;;;1;Precios Mayoristas
7790971000194;Bizcochuelo Ravana Chocolate 540g;3800.0;12;precio_fijo;;3648.0;;;1;Precios Mayoristas
7790971000170;Bizcochuelo Ravana Vainilla 540g;3700.0;3;precio_fijo;;3626.0;;;1;Precios Mayoristas
7798052363213;Bolitas dulces 80g Nikitos;1200.0;3;precio_fijo;;1176.0;;;1;Precios Mayoristas
7797470126288;Bolsa Residuos 45x60 El Buda 10u.;1500.0;3;precio_fijo;;1470.0;;;1;Precios Mayoristas
7790580153922;Bon o Bon Supreme 144g;10000.0;3;precio_fijo;;9800.0;;;1;Precios Mayoristas
7790580119126;Bon o Bon Surtido 255g;12000.0;3;precio_fijo;;11760.0;;;1;Precios Mayoristas
7798013108228;Bondiola Cagnoli x 200g;5700.0;12;precio_fijo;;5472.0;;;1;Precios Mayoristas
9414202064004;Botella plástica 600ml Sistema;14000.0;12;precio_fijo;;13440.0;;;1;Precios Mayoristas
6985445469657;Botellita con chicle;1000.0;3;precio_fijo;;980.0;;;1;Precios Mayoristas
7797470199510;Broches Plasticos x12 Esencial;1900.0;12;precio_fijo;;1824.0;;;1;Precios Mayoristas
7790971000620;Brownie 425g Ravanna;4500.0;12;precio_fijo;;4320.0;;;1;Precios Mayoristas
2000000004914;Buscapina x 1u;1500.0;3;precio_fijo;;1470.0;;;1;Precios Mayoristas
2000000004914;Buscapina x 1u;1500.0;12;precio_fijo;;1440.0;;;1;Precios Mayoristas
7796350506332;Cable Carga rapida tipo C;5000.0;12;precio_fijo;;4800.0;;;1;Precios Mayoristas
7796350507810;Cable USB - C;5000.0;12;precio_fijo;;4800.0;;;1;Precios Mayoristas
8445291121867;Cacao Nesquik 180g;2300.0;3;precio_fijo;;2254.0;;;1;Precios Mayoristas
7790170903920;Cafe Saquitos Morenita 5g;400.0;3;precio_fijo;;392.0;;;1;Precios Mayoristas
8445291082137;Cafe Suave 170g Dolca;9800.0;12;precio_fijo;;9408.0;;;1;Precios Mayoristas
7790070933645;Cafe instantaneo Arlistan 100g;5600.0;12;precio_fijo;;5376.0;;;1;Precios Mayoristas
7794000008571;Caldo Knor x2u Gallina;1000.0;12;precio_fijo;;960.0;;;1;Precios Mayoristas
7794000008588;Caldo Knor x2u verdura;1000.0;3;precio_fijo;;980.0;;;1;Precios Mayoristas
7798426251726;Camion Gigante Dino Carry case;49000.0;12;precio_fijo;;47040.0;;;1;Precios Mayoristas
2000000004402;Camioncito con caramelo;1300.0;12;precio_fijo;;1248.0;;;1;Precios Mayoristas
7790150435380;Canela Molida 25g Alicante;2000.0;3;precio_fijo;;1960.0;;;1;Precios Mayoristas
7796350517956;Cargador Carga rapida royalcell;10000.0;12;precio_fijo;;9600.0;;;1;Precios Mayoristas
7792783000416;Cartas Hachazo x 40u.;2000.0;3;precio_fijo;;1960.0;;;1;Precios Mayoristas
7792783000416;Cartas Hachazo x 40u.;2000.0;12;precio_fijo;;1920.0;;;1;Precios Mayoristas
7791337061361;Casancrem Clasico  290g;6900.0;3;precio_fijo;;6762.0;;;1;Precios Mayoristas
7791337061361;Casancrem Clasico  290g;6900.0;12;precio_fijo;;6624.0;;;1;Precios Mayoristas
2000000004594;Cebolla x kg;4000.0;12;precio_fijo;;3840.0;;;1;Precios Mayoristas
6910021007206;Cepillo dental Colgate medio;1900.0;12;precio_fijo;;1824.0;;;1;Precios Mayoristas
2000000006925;Cepillo planchita Josmar;2100.0;12;precio_fijo;;2016.0;;;1;Precios Mayoristas
7794728001229;Cera depilatoria 200g verde Depimiel;5000.0;3;precio_fijo;;4900.0;;;1;Precios Mayoristas
7798052363169;Cereal Arroz inflado 80 Nikitos;1200.0;3;precio_fijo;;1176.0;;;1;Precios Mayoristas
7891000337271;Cereal nesquik 210g;5400.0;12;precio_fijo;;5184.0;;;1;Precios Mayoristas
7792798005888;Cerveza Brahma lata 473cm3;2500.0;3;precio_fijo;;2450.0;;;1;Precios Mayoristas
7792798005888;Cerveza Brahma lata 473cm3;2500.0;12;precio_fijo;;2400.0;;;1;Precios Mayoristas
7792798003709;Cerveza Corona 330cc;3500.0;3;precio_fijo;;3430.0;;;1;Precios Mayoristas
7792798007493;Cerveza retornable 1l Brahma;4000.0;3;precio_fijo;;3920.0;;;1;Precios Mayoristas
77969088;Chicle Menta Power 20g Beldent;1000.0;12;precio_fijo;;960.0;;;1;Precios Mayoristas
2000000002835;Chip personal;2000.0;12;precio_fijo;;1920.0;;;1;Precios Mayoristas
7794520869003;Chizitos Krachitos 60g;1500.0;3;precio_fijo;;1470.0;;;1;Precios Mayoristas
7798016783132;Chock Desayuno 90g Burbujas;1300.0;3;precio_fijo;;1274.0;;;1;Precios Mayoristas
77953124;Chocolate Block Mani 38g Cofler;2100.0;3;precio_fijo;;2058.0;;;1;Precios Mayoristas
7790580144005;Chocolate Cofler Avellana 140g;6000.0;12;precio_fijo;;5760.0;;;1;Precios Mayoristas
7794612065719;Chocolate Hamlet alm/man 45g;1900.0;3;precio_fijo;;1862.0;;;1;Precios Mayoristas
77912718;Chocolate mani 10g Sapito;700.0;12;precio_fijo;;672.0;;;1;Precios Mayoristas
7790040143234;Chocolinas original 250g;3200.0;3;precio_fijo;;3136.0;;;1;Precios Mayoristas
2000000005768;Chupetin Mister pops Cereza;500.0;3;precio_fijo;;490.0;;;1;Precios Mayoristas
77991959;Chupetin pico dulce;400.0;12;precio_fijo;;384.0;;;1;Precios Mayoristas
7791290793378;Cif crema Rosas jazmines 750ml;4300.0;12;precio_fijo;;4128.0;;;1;Precios Mayoristas
2000000007496;Cigarrillos sueltos;200.0;12;precio_fijo;;192.0;;;1;Precios Mayoristas
77929327;Cinta aisladora negra x 1u.;1000.0;3;precio_fijo;;980.0;;;1;Precios Mayoristas
7622210691835;Club Social Jamón x 6 x 24g;3400.0;12;precio_fijo;;3264.0;;;1;Precios Mayoristas
7790580131487;Cobetura Chocolate Aguila 150g;4700.0;12;precio_fijo;;4512.0;;;1;Precios Mayoristas
7790895000997;Coca Cola 2,25L;5500.0;3;precio_fijo;;5390.0;;;1;Precios Mayoristas
7790895000997;Coca Cola 2,25L;5500.0;12;precio_fijo;;5280.0;;;1;Precios Mayoristas
2000000002378;Condimento Aji molido;1500.0;12;precio_fijo;;1440.0;;;1;Precios Mayoristas
2000000002392;Condimento comino;1500.0;12;precio_fijo;;1440.0;;;1;Precios Mayoristas
2000000005430;Copia Blanco y negro;500.0;12;precio_fijo;;480.0;;;1;Precios Mayoristas
7798016786843;Copos Azucarados 90g Burbujas;1100.0;3;precio_fijo;;1078.0;;;1;Precios Mayoristas
7790742141309;Crema Batir La serenisima 200cc;3500.0;3;precio_fijo;;3430.0;;;1;Precios Mayoristas
7509546686523;Crema Dental Triple accion;3500.0;12;precio_fijo;;3360.0;;;1;Precios Mayoristas
7790040377806;Criollitas x3 uni;2400.0;3;precio_fijo;;2352.0;;;1;Precios Mayoristas
7702003010743;Curitas 8u;2000.0;3;precio_fijo;;1960.0;;;1;Precios Mayoristas
7793253004323;Deo Poet esp play 360ml;3000.0;12;precio_fijo;;2880.0;;;1;Precios Mayoristas
7793253004255;Deo Poet suav bebe 360ml;3000.0;3;precio_fijo;;2940.0;;;1;Precios Mayoristas
77987983;Desodorante odorono 60g Rexona;2900.0;3;precio_fijo;;2842.0;;;1;Precios Mayoristas
7790990003046;Detergente  limon 750ml Magistral;7000.0;3;precio_fijo;;6860.0;;;1;Precios Mayoristas
7791290794061;Detergente Cif Limon 500g;3200.0;3;precio_fijo;;3136.0;;;1;Precios Mayoristas
7791290794061;Detergente Cif Limon 500g;3200.0;12;precio_fijo;;3072.0;;;1;Precios Mayoristas
2000000004921;Diclofenac x tira 15u.;2000.0;3;precio_fijo;;1960.0;;;1;Precios Mayoristas
2000000004921;Diclofenac x tira 15u.;2000.0;12;precio_fijo;;1920.0;;;1;Precios Mayoristas
7790310985649;Doritos Queso 77gr;3800.0;3;precio_fijo;;3724.0;;;1;Precios Mayoristas
7790310985649;Doritos Queso 77gr;3800.0;12;precio_fijo;;3648.0;;;1;Precios Mayoristas
7792260000540;Dulce de Batata/choco 500 g Orieta;2000.0;12;precio_fijo;;1920.0;;;1;Precios Mayoristas
7792260000533;Dulce de batata 500g Orieta;2000.0;3;precio_fijo;;1960.0;;;1;Precios Mayoristas
7794820902028;Dulce de leche 245g Milkaut;2700.0;12;precio_fijo;;2592.0;;;1;Precios Mayoristas
7790742625304;Dulce de leche la serenisima 400g;3500.0;3;precio_fijo;;3430.0;;;1;Precios Mayoristas
7798023695565;Durazno en trozos S&P 820g;2400.0;12;precio_fijo;;2304.0;;;1;Precios Mayoristas
7792180130303;Empanadas carne Pietro 4u 340g;9900.0;12;precio_fijo;;9504.0;;;1;Precios Mayoristas
2000000004907;Encendedor NeoClick;1000.0;3;precio_fijo;;980.0;;;1;Precios Mayoristas
2000000004907;Encendedor NeoClick;1000.0;12;precio_fijo;;960.0;;;1;Precios Mayoristas
7891024039625;Enjuague Bucal ice inf 180ml PLAX;3800.0;3;precio_fijo;;3724.0;;;1;Precios Mayoristas
7891024039625;Enjuague Bucal ice inf 180ml PLAX;3800.0;12;precio_fijo;;3648.0;;;1;Precios Mayoristas
7791976098193;Escobillon con palo;3500.0;3;precio_fijo;;3430.0;;;1;Precios Mayoristas
7791976098193;Escobillon con palo;3500.0;12;precio_fijo;;3360.0;;;1;Precios Mayoristas
7797232009354;Escurridor Centrifugador De Verduras Crom;16000.0;3;precio_fijo;;15680.0;;;1;Precios Mayoristas
7798158711512;Esencia vainilla 537 100cc;1500.0;3;precio_fijo;;1470.0;;;1;Precios Mayoristas
7790520029096;Espiral Lavanda x 12u RAID;3300.0;3;precio_fijo;;3234.0;;;1;Precios Mayoristas
7790520029096;Espiral Lavanda x 12u RAID;3300.0;12;precio_fijo;;3168.0;;;1;Precios Mayoristas
7790520029089;Espiral verde x 12U RAID;3300.0;3;precio_fijo;;3234.0;;;1;Precios Mayoristas
7794440002399;Esponja acero Virulana x1u;1500.0;3;precio_fijo;;1470.0;;;1;Precios Mayoristas
7794440002399;Esponja acero Virulana x1u;1500.0;12;precio_fijo;;1440.0;;;1;Precios Mayoristas
7793253386160;Esponja de acero Mortimer;1600.0;3;precio_fijo;;1568.0;;;1;Precios Mayoristas
7798023690874;Esponja lisa bonux;600.0;12;precio_fijo;;576.0;;;1;Precios Mayoristas
7793653231619;Fernando forte 1lt;1500.0;3;precio_fijo;;1470.0;;;1;Precios Mayoristas
7790070318398;Fideos Dedalito Lucchetti 500g;1700.0;3;precio_fijo;;1666.0;;;1;Precios Mayoristas
7790070318398;Fideos Dedalito Lucchetti 500g;1700.0;12;precio_fijo;;1632.0;;;1;Precios Mayoristas
7790070336545;Fideos Fetuccini 500g Don Vicente;3200.0;3;precio_fijo;;3136.0;;;1;Precios Mayoristas
7797470199237;Fideos Marolio Tirabuzon 500g;1200.0;3;precio_fijo;;1176.0;;;1;Precios Mayoristas
7790070336149;Fideos Mostachol Lucchetti 500g;1700.0;3;precio_fijo;;1666.0;;;1;Precios Mayoristas
7840026085116;Fideos Mostacholin 400g Napoli;3000.0;3;precio_fijo;;2940.0;;;1;Precios Mayoristas
7840026085116;Fideos Mostacholin 400g Napoli;3000.0;12;precio_fijo;;2880.0;;;1;Precios Mayoristas
7797470005439;Fideos Moños Marolio 500g;1600.0;12;precio_fijo;;1536.0;;;1;Precios Mayoristas
7790070320285;Fideos Spaghetti favorita 500g;1400.0;3;precio_fijo;;1372.0;;;1;Precios Mayoristas
7790070336576;Fideos Tallarin 500 Don Vicente;3500.0;3;precio_fijo;;3430.0;;;1;Precios Mayoristas
7790070320292;Fideos Tallarin Favorita 500g;1400.0;12;precio_fijo;;1344.0;;;1;Precios Mayoristas
7797470199343;Fideos Tallarin Marolio;1200.0;3;precio_fijo;;1176.0;;;1;Precios Mayoristas
7797470199343;Fideos Tallarin Marolio;1200.0;12;precio_fijo;;1152.0;;;1;Precios Mayoristas
7790040144088;Gall Traviata Sandwitch x3 324g;2500.0;3;precio_fijo;;2450.0;;;1;Precios Mayoristas
7790040144095;Galletita 5 x 108gr TRAVIATA;3700.0;3;precio_fijo;;3626.0;;;1;Precios Mayoristas
7622300829728;Galletita Melba 120g;2000.0;12;precio_fijo;;1920.0;;;1;Precios Mayoristas
7790040139176;Galletita Polvorita vain frut 81g;1000.0;12;precio_fijo;;960.0;;;1;Precios Mayoristas
7791324157084;Galletitas Pitusas Mousse ch 160g;1400.0;3;precio_fijo;;1372.0;;;1;Precios Mayoristas
7622202839962;Galletitas Variedad Terrabusi mas choco 390g;3400.0;3;precio_fijo;;3332.0;;;1;Precios Mayoristas
7791787000705;Galletitas pepas Choc trio 300g;2400.0;3;precio_fijo;;2352.0;;;1;Precios Mayoristas
7790040146389;Galletitas vocación 141g;1300.0;3;precio_fijo;;1274.0;;;1;Precios Mayoristas
7622201503987;Galltitas Variedad Terrabusi Choco 300g;3400.0;12;precio_fijo;;3264.0;;;1;Precios Mayoristas
7790971002365;Gelatina Cereza Ravana 40g;1400.0;3;precio_fijo;;1372.0;;;1;Precios Mayoristas
7622201819736;Gelatina Cereza light 25g Royal;1600.0;12;precio_fijo;;1536.0;;;1;Precios Mayoristas
7790971002372;Gelatina Frambuesa Ravana 40g;1500.0;12;precio_fijo;;1440.0;;;1;Precios Mayoristas
7790971002327;Gelatina Frutilla Ravana 40g;1400.0;3;precio_fijo;;1372.0;;;1;Precios Mayoristas
7790070100771;Gelatina light cereza 22g EXQUISITA;1500.0;3;precio_fijo;;1470.0;;;1;Precios Mayoristas
7790070100771;Gelatina light cereza 22g EXQUISITA;1500.0;12;precio_fijo;;1440.0;;;1;Precios Mayoristas
7500435251938;Gillette Venus Suave;2200.0;12;precio_fijo;;2112.0;;;1;Precios Mayoristas
7790580403805;Gomitas Misky Fantasia;20000.0;3;precio_fijo;;19600.0;;;1;Precios Mayoristas
7790580403805;Gomitas Misky Fantasia;20000.0;12;precio_fijo;;19200.0;;;1;Precios Mayoristas
7790580116675;Gomitas Misky Roll;1000.0;12;precio_fijo;;960.0;;;1;Precios Mayoristas
2000000004372;Gomitas Mogul Anillos;20000.0;3;precio_fijo;;19600.0;;;1;Precios Mayoristas
2000000004372;Gomitas Mogul Anillos;20000.0;12;precio_fijo;;19200.0;;;1;Precios Mayoristas
7790580128821;Gomitas Mogul Jelly Buttons 220g;2700.0;3;precio_fijo;;2646.0;;;1;Precios Mayoristas
2000000004358;Gomitas Moritas yummy sueltas;20000.0;12;precio_fijo;;19200.0;;;1;Precios Mayoristas
7790580222109;Gomitas eucaliptus Misky;20000.0;3;precio_fijo;;19600.0;;;1;Precios Mayoristas
7790580222109;Gomitas eucaliptus Misky;20000.0;12;precio_fijo;;19200.0;;;1;Precios Mayoristas
7790670050728;Hamburguesa Paty finitas 100g;2900.0;3;precio_fijo;;2842.0;;;1;Precios Mayoristas
7797470005668;Harina  0000 1kg Marolio.;1300.0;3;precio_fijo;;1274.0;;;1;Precios Mayoristas
7798023696845;Harina 000 S&P 1 kg;900.0;3;precio_fijo;;882.0;;;1;Precios Mayoristas
7798023696845;Harina 000 S&P 1 kg;900.0;12;precio_fijo;;864.0;;;1;Precios Mayoristas
7792180004871;Harina 0000 Pureza 1kg;1500.0;12;precio_fijo;;1440.0;;;1;Precios Mayoristas
7790070562265;Harina favorita 0000 1kg;1600.0;3;precio_fijo;;1568.0;;;1;Precios Mayoristas
7792590005390;Harina integral 1k caserita;2000.0;3;precio_fijo;;1960.0;;;1;Precios Mayoristas
7797470005675;Harina leudante 1kg Marolio;1600.0;3;precio_fijo;;1568.0;;;1;Precios Mayoristas
7797470005675;Harina leudante 1kg Marolio;1600.0;12;precio_fijo;;1536.0;;;1;Precios Mayoristas
7792180004567;Harina pureza pizza 1kg;1800.0;12;precio_fijo;;1728.0;;;1;Precios Mayoristas
7798088851326;Helado agua Frut/Nar 50g Acapulco;600.0;3;precio_fijo;;588.0;;;1;Precios Mayoristas
7798088851326;Helado agua Frut/Nar 50g Acapulco;600.0;12;precio_fijo;;576.0;;;1;Precios Mayoristas
7798088851227;Helado bombon 52g Acapulco;1000.0;3;precio_fijo;;980.0;;;1;Precios Mayoristas
2000000007038;Helado crema Los Leones;600.0;12;precio_fijo;;576.0;;;1;Precios Mayoristas
2000000005188;Huevo N1 - Maple;7000.0;2;precio_fijo;;6500.0;;;1;llevando 2
2000000004952;Ibuevanol forte r/a x 1u;1500.0;12;precio_fijo;;1440.0;;;1;Precios Mayoristas
7790773007124;Isopos Qsoft 150 unidades;3900.0;12;precio_fijo;;3744.0;;;1;Precios Mayoristas
7891150025998;Jabon Baby Humec Sens 75g Dove;2500.0;12;precio_fijo;;2400.0;;;1;Precios Mayoristas
7891150026025;Jabon Baby humec Enriq 75gr Dove;2500.0;3;precio_fijo;;2450.0;;;1;Precios Mayoristas
7891150026025;Jabon Baby humec Enriq 75gr Dove;2500.0;12;precio_fijo;;2400.0;;;1;Precios Mayoristas
7798131250632;Jabon Blanco Heroe 200g;1000.0;3;precio_fijo;;980.0;;;1;Precios Mayoristas
7791290795112;Jabon Líquido 800ml Limón Grandby;3000.0;12;precio_fijo;;2880.0;;;1;Precios Mayoristas
7790990001837;Jabon Pan 150g Gran Federal;1200.0;12;precio_fijo;;1152.0;;;1;Precios Mayoristas
7790990002261;Jabon Zorro Lavado Matic 800g;2800.0;12;precio_fijo;;2688.0;;;1;Precios Mayoristas
7791293051208;Jabon dove original 60g;2300.0;3;precio_fijo;;2254.0;;;1;Precios Mayoristas
7791290796485;Jabon liquido ALA Blancos 500ml Diluir;7400.0;12;precio_fijo;;7104.0;;;1;Precios Mayoristas
7791290792838;Jabon liquido Skip diluir 500ml;8700.0;3;precio_fijo;;8526.0;;;1;Precios Mayoristas
7791290792838;Jabon liquido Skip diluir 500ml;8700.0;12;precio_fijo;;8352.0;;;1;Precios Mayoristas
7791274196041;Jabon líquido Green Tea d/p 300ml;1500.0;3;precio_fijo;;1470.0;;;1;Precios Mayoristas
7794218106328;Jabon pan 200g Argentino;1400.0;3;precio_fijo;;1372.0;;;1;Precios Mayoristas
7791290792050;Jabon polvo ecolavado 800g ALA;3400.0;12;precio_fijo;;3264.0;;;1;Precios Mayoristas
7791290792036;Jabón Liquido ALA Matic Eco lavado 3L;9000.0;3;precio_fijo;;8820.0;;;1;Precios Mayoristas
7791274196003;Jabón Líquido Floral Rain d/p 300ml;1500.0;12;precio_fijo;;1440.0;;;1;Precios Mayoristas
7790036000619;Jugo Baggio multrif 200ml;1000.0;3;precio_fijo;;980.0;;;1;Precios Mayoristas
7790036000619;Jugo Baggio multrif 200ml;1000.0;12;precio_fijo;;960.0;;;1;Precios Mayoristas
7622201702687;Jugo Clight Naranj/Mango x 1u;1000.0;3;precio_fijo;;980.0;;;1;Precios Mayoristas
7622201702687;Jugo Clight Naranj/Mango x 1u;1000.0;12;precio_fijo;;960.0;;;1;Precios Mayoristas
7790036000466;Jugo Multifruta 1lt Baggio;2800.0;3;precio_fijo;;2744.0;;;1;Precios Mayoristas
7730908404152;Jugo Rinde2 Naranja-Mango 13g;600.0;12;precio_fijo;;576.0;;;1;Precios Mayoristas
7798441563927;Kavanagh Cubre cama 230x250 manteca;49000.0;3;precio_fijo;;48020.0;;;1;Precios Mayoristas
7798441563927;Kavanagh Cubre cama 230x250 manteca;49000.0;12;precio_fijo;;47040.0;;;1;Precios Mayoristas
7798441563897;Kavanagh Cubre cama Queen 230x150;49000.0;12;precio_fijo;;47040.0;;;1;Precios Mayoristas
7798441563132;Kavanagh cubre cama 160x230 verde;35500.0;3;precio_fijo;;34790.0;;;1;Precios Mayoristas
7791620187693;Ketchup 220g Danica;1500.0;3;precio_fijo;;1470.0;;;1;Precios Mayoristas
7791620187693;Ketchup 220g Danica;1500.0;12;precio_fijo;;1440.0;;;1;Precios Mayoristas
7791866000381;Ketchup 250g Natura;2000.0;3;precio_fijo;;1960.0;;;1;Precios Mayoristas
7794520869607;Krachitos X-treme hot 45g;1600.0;3;precio_fijo;;1568.0;;;1;Precios Mayoristas
2000000003023;Lascamicetina Cloranfenicol 250mg;9000.0;12;precio_fijo;;8640.0;;;1;Precios Mayoristas
7790132098459;Lavandina Ayudin original 1lt;1300.0;12;precio_fijo;;1248.0;;;1;Precios Mayoristas
7793253003715;Lavandina Ayudin triple 1lt;1700.0;3;precio_fijo;;1666.0;;;1;Precios Mayoristas
7793253003715;Lavandina Ayudin triple 1lt;1700.0;12;precio_fijo;;1632.0;;;1;Precios Mayoristas
7798338290486;Leche Angelita LV 1lt;2300.0;12;precio_fijo;;2208.0;;;1;Precios Mayoristas
7790036948294;Leche Chocolatada 1l Baggio;3500.0;12;precio_fijo;;3360.0;;;1;Precios Mayoristas
7791337008410;Leche Chocolatada La serenisima;2300.0;12;precio_fijo;;2208.0;;;1;Precios Mayoristas
7790742363008;Leche L/V La serenisima;2600.0;3;precio_fijo;;2548.0;;;1;Precios Mayoristas
7790742363008;Leche L/V La serenisima;2600.0;12;precio_fijo;;2496.0;;;1;Precios Mayoristas
7790787054039;Leche chocolatada Ilolay 200ml;1400.0;3;precio_fijo;;1372.0;;;1;Precios Mayoristas
7798111061883;Leche yatasto Sachet 1Lt;1700.0;3;precio_fijo;;1666.0;;;1;Precios Mayoristas
2000000007328;Lechuga crespa x kg;3000.0;3;precio_fijo;;2940.0;;;1;Precios Mayoristas
7798023690430;Lentejón S&P 40g;2000.0;3;precio_fijo;;1960.0;;;1;Precios Mayoristas
7798023690430;Lentejón S&P 40g;2000.0;12;precio_fijo;;1920.0;;;1;Precios Mayoristas
7790813110401;Levadura Calsa 50g;1000.0;12;precio_fijo;;960.0;;;1;Precios Mayoristas
7790813150131;Levadura mi Pan Calsa 10g;1000.0;12;precio_fijo;;960.0;;;1;Precios Mayoristas
2000000002842;Limones;1500.0;3;precio_fijo;;1470.0;;;1;Precios Mayoristas
2000000002842;Limones;1500.0;12;precio_fijo;;1440.0;;;1;Precios Mayoristas
7793253003548;Limpiador Poet Flores Pri 900ml;1900.0;3;precio_fijo;;1862.0;;;1;Precios Mayoristas
7793253003470;Limpiador Poet Suav Alg 900ml;1900.0;12;precio_fijo;;1824.0;;;1;Precios Mayoristas
7798342713414;Lomo atun aceite S&P 170;3000.0;12;precio_fijo;;2880.0;;;1;Precios Mayoristas
7798426253546;Lunchera con botella;16000.0;3;precio_fijo;;15680.0;;;1;Precios Mayoristas
7790520031433;Lysoform Frescura Citrica 360cm3;4000.0;3;precio_fijo;;3920.0;;;1;Precios Mayoristas
7790520995308;Lysoform bebe 360 cm3;4000.0;3;precio_fijo;;3920.0;;;1;Precios Mayoristas
7790520995308;Lysoform bebe 360 cm3;4000.0;12;precio_fijo;;3840.0;;;1;Precios Mayoristas
7790520031426;Lysoform frutos bosque 360cm3;4000.0;3;precio_fijo;;3920.0;;;1;Precios Mayoristas
7798347080849;Lámpara Candela 15w;2500.0;12;precio_fijo;;2400.0;;;1;Precios Mayoristas
7790990003039;Magistral Limon 500ml;3800.0;3;precio_fijo;;3724.0;;;1;Precios Mayoristas
7798113300027;Manaos Lima 2,25l;2000.0;3;precio_fijo;;1960.0;;;1;Precios Mayoristas
7798113300027;Manaos Lima 2,25l;2000.0;12;precio_fijo;;1920.0;;;1;Precios Mayoristas
7798113301024;Manaos Pomelo 2,25l;2000.0;12;precio_fijo;;1920.0;;;1;Precios Mayoristas
2000000004853;Mani Molido;3500.0;3;precio_fijo;;3430.0;;;1;Precios Mayoristas
2000000007366;Mani pelado salado 65g Krachitos;1900.0;3;precio_fijo;;1862.0;;;1;Precios Mayoristas
7798426255076;Manta franel lisa Bordó 259 x 229 King;39000.0;12;precio_fijo;;37440.0;;;1;Precios Mayoristas
7798426255120;Manta frannel gris claro HL 130 x 160;21000.0;12;precio_fijo;;20160.0;;;1;Precios Mayoristas
7793940052002;Manteca La serenisima 100g;2400.0;3;precio_fijo;;2352.0;;;1;Precios Mayoristas
7793940052002;Manteca La serenisima 100g;2400.0;12;precio_fijo;;2304.0;;;1;Precios Mayoristas
2000000007359;Manzana x kg;4000.0;3;precio_fijo;;3920.0;;;1;Precios Mayoristas
2000000007359;Manzana x kg;4000.0;12;precio_fijo;;3840.0;;;1;Precios Mayoristas
7509552928853;Mascarilla ELVIVE Glycolic Gloss 300g;12000.0;12;precio_fijo;;11520.0;;;1;Precios Mayoristas
7509552876437;Mascarilla ELVIVE hialuronico PURE 300g;13500.0;12;precio_fijo;;12960.0;;;1;Precios Mayoristas
7791620187662;Mayonesa Danica 500ml;1700.0;3;precio_fijo;;1666.0;;;1;Precios Mayoristas
7791620187662;Mayonesa Danica 500ml;1700.0;12;precio_fijo;;1632.0;;;1;Precios Mayoristas
7794000006072;Mayonesa Hellmans d/p x 475g;3000.0;12;precio_fijo;;2880.0;;;1;Precios Mayoristas
7791866001357;Mayonesa Natura 1kg;6500.0;3;precio_fijo;;6370.0;;;1;Precios Mayoristas
7791866001357;Mayonesa Natura 1kg;6500.0;12;precio_fijo;;6240.0;;;1;Precios Mayoristas
7790670050667;Medallon Carne Paty Caja x 12;19000.0;12;precio_fijo;;18240.0;;;1;Precios Mayoristas
7797470003800;Medallon carne Marolio x 2 138g;2000.0;3;precio_fijo;;1960.0;;;1;Precios Mayoristas
7840036105446;Mentolina 10g;2500.0;12;precio_fijo;;2400.0;;;1;Precios Mayoristas
7795184119787;Mermelada Noel Ciruela 454g;3500.0;12;precio_fijo;;3360.0;;;1;Precios Mayoristas
2000000005072;Migral 500 Montellier;1200.0;3;precio_fijo;;1176.0;;;1;Precios Mayoristas
2000000005072;Migral 500 Montellier;1200.0;12;precio_fijo;;1152.0;;;1;Precios Mayoristas
7793147573386;Miller lata 473cc;2000.0;12;precio_fijo;;1920.0;;;1;Precios Mayoristas
2000000001869;Monopatin 4 Ruedas Metal Reforzado;48000.0;12;precio_fijo;;46080.0;;;1;Precios Mayoristas
2000000001876;Monopatin 4 Ruedas Metal Reforzado Rosa;48000.0;12;precio_fijo;;46080.0;;;1;Precios Mayoristas
2000000007281;Morron Rojo x kg;10000.0;3;precio_fijo;;9800.0;;;1;Precios Mayoristas
7796804005114;Mortadela 280gr 214;4100.0;3;precio_fijo;;4018.0;;;1;Precios Mayoristas
7791866004211;Mostaza Natura d/p 250g;1500.0;3;precio_fijo;;1470.0;;;1;Precios Mayoristas
2000000004587;Naranja Ombligo x kg;1500.0;12;precio_fijo;;1440.0;;;1;Precios Mayoristas
8445291082212;Nescafe Dolca original 170g;9800.0;3;precio_fijo;;9604.0;;;1;Precios Mayoristas
8445291121881;Nesquik Original 360g;4000.0;3;precio_fijo;;3920.0;;;1;Precios Mayoristas
8445291121881;Nesquik Original 360g;4000.0;12;precio_fijo;;3840.0;;;1;Precios Mayoristas
7792900009322;Nuez Moscada Dos Anclas 25g;2500.0;3;precio_fijo;;2450.0;;;1;Precios Mayoristas
7792900009322;Nuez Moscada Dos Anclas 25g;2500.0;12;precio_fijo;;2400.0;;;1;Precios Mayoristas
7790064104839;Oleo Calcareo 500ml ESTRELLA;7100.0;3;precio_fijo;;6958.0;;;1;Precios Mayoristas
2000000005157;Omeprazol 20mg tira x14u Omefort;3000.0;3;precio_fijo;;2940.0;;;1;Precios Mayoristas
2000000005157;Omeprazol 20mg tira x14u Omefort;3000.0;12;precio_fijo;;2880.0;;;1;Precios Mayoristas
7792900990613;Oregano Dos Anclas 25g;1600.0;12;precio_fijo;;1536.0;;;1;Precios Mayoristas
2000000002347;Oregano s/marca;1500.0;12;precio_fijo;;1440.0;;;1;Precios Mayoristas
6956288663250;Palitos Brochettes x 80u;2000.0;3;precio_fijo;;1960.0;;;1;Precios Mayoristas
6956288663250;Palitos Brochettes x 80u;2000.0;12;precio_fijo;;1920.0;;;1;Precios Mayoristas
2000000006840;Palo escoba madera Josmar;1500.0;12;precio_fijo;;1440.0;;;1;Precios Mayoristas
7795735601006;Pan Dulce Chips Choco 400g Don Satur;5600.0;12;precio_fijo;;5376.0;;;1;Precios Mayoristas
7795735601013;Pan Dulce con frutas 400g Don Satur;5500.0;3;precio_fijo;;5390.0;;;1;Precios Mayoristas
7797470132623;Pan Rallado Marolio 500g;1200.0;12;precio_fijo;;1152.0;;;1;Precios Mayoristas
7798164190479;Pan de mesa Mimago 590g;3200.0;3;precio_fijo;;3136.0;;;1;Precios Mayoristas
7790907000533;Pan dulce 400gr Mar de Oro;3500.0;12;precio_fijo;;3360.0;;;1;Precios Mayoristas
7798066076413;Pancetitas slices 65g Chil;1600.0;12;precio_fijo;;1536.0;;;1;Precios Mayoristas
7798066076017;Papa frita 65g Chil;1500.0;12;precio_fijo;;1440.0;;;1;Precios Mayoristas
2000000004761;Papa negra X KG;2500.0;3;precio_fijo;;2450.0;;;1;Precios Mayoristas
2000000004761;Papa negra X KG;2500.0;12;precio_fijo;;2400.0;;;1;Precios Mayoristas
7798052360618;Papas fritas Clasicas Nikitos 20g;2700.0;3;precio_fijo;;2646.0;;;1;Precios Mayoristas
7798052360618;Papas fritas Clasicas Nikitos 20g;2700.0;12;precio_fijo;;2592.0;;;1;Precios Mayoristas
7790250015536;Papel Higiénico Higienol Plus D/H 4x30m;3500.0;12;precio_fijo;;3360.0;;;1;Precios Mayoristas
7790250015857;Papel higienico Higienol Max 80m;4000.0;12;precio_fijo;;3840.0;;;1;Precios Mayoristas
7791218000144;Pascualina Orali Cri 380g;2700.0;12;precio_fijo;;2592.0;;;1;Precios Mayoristas
7790070622037;Pascualina la saltena 400;3000.0;3;precio_fijo;;2940.0;;;1;Precios Mayoristas
7790070622037;Pascualina la saltena 400;3000.0;12;precio_fijo;;2880.0;;;1;Precios Mayoristas
77958648;Pastilla mentoplus strong;1500.0;3;precio_fijo;;1470.0;;;1;Precios Mayoristas
7797394001265;Pastillas Mix Frutas 16gr TikTak;1200.0;12;precio_fijo;;1152.0;;;1;Precios Mayoristas
2000000007267;Pata Muslo Pollo x kg;4000.0;3;precio_fijo;;3920.0;;;1;Precios Mayoristas
7790670052869;Paty Express 2u;2000.0;3;precio_fijo;;1960.0;;;1;Precios Mayoristas
7790250042075;Pañal Babysec XG Ultra 32u;10500.0;3;precio_fijo;;10290.0;;;1;Precios Mayoristas
7790250042051;Pañal Babysec ultrasoft M H/M 48u;10500.0;3;precio_fijo;;10290.0;;;1;Precios Mayoristas
7790250042860;Pañal Premium soft 32u XG Babysec;14500.0;3;precio_fijo;;14210.0;;;1;Precios Mayoristas
7500435228596;Pañal XG Babysan 32u PAMPERS;17000.0;12;precio_fijo;;16320.0;;;1;Precios Mayoristas
7790250040798;Pañal babysec Ultra soft XXG 8u;3500.0;3;precio_fijo;;3430.0;;;1;Precios Mayoristas
7790250042891;Pañal premium XXG 30u Babysec;14500.0;3;precio_fijo;;14210.0;;;1;Precios Mayoristas
7790250049333;Pañal ultra Soft XXXG 28u Babysec;15000.0;3;precio_fijo;;14700.0;;;1;Precios Mayoristas
7500435228770;Pañales XXG BabyDry 34u Pampers;22500.0;3;precio_fijo;;22050.0;;;1;Precios Mayoristas
7500435228770;Pañales XXG BabyDry 34u Pampers;22500.0;12;precio_fijo;;21600.0;;;1;Precios Mayoristas
7790250000358;Pañuelo 1u Elite;1000.0;12;precio_fijo;;960.0;;;1;Precios Mayoristas
7790250054962;Pañuelo x6 Elite;6000.0;12;precio_fijo;;5760.0;;;1;Precios Mayoristas
2000000007083;Pechito cerdo x kg;9500.0;3;precio_fijo;;9310.0;;;1;Precios Mayoristas
7791813888468;Pepsi Cola 2lt;3500.0;3;precio_fijo;;3430.0;;;1;Precios Mayoristas
2000000007380;Philips Morris 20 Red Select;3300.0;3;precio_fijo;;3234.0;;;1;Precios Mayoristas
2000000007380;Philips Morris 20 Red Select;3300.0;12;precio_fijo;;3168.0;;;1;Precios Mayoristas
77971913;Philips Morris Blue Spin 12u;4500.0;12;precio_fijo;;4320.0;;;1;Precios Mayoristas
77981813;Philips Morris Box 12;4500.0;12;precio_fijo;;4320.0;;;1;Precios Mayoristas
7790360720115;Picadillo Swift 90g;1300.0;12;precio_fijo;;1248.0;;;1;Precios Mayoristas
041333014630;Pilas Duracell AA X 2;3000.0;3;precio_fijo;;2940.0;;;1;Precios Mayoristas
041333431482;Pilas Duracell AAA X 2;3000.0;12;precio_fijo;;2880.0;;;1;Precios Mayoristas
7792900911250;Pimenton  Dos Anclas 50g;2000.0;3;precio_fijo;;1960.0;;;1;Precios Mayoristas
7792900009162;Pimienta negra 20g Dos Anclas;2000.0;3;precio_fijo;;1960.0;;;1;Precios Mayoristas
7792900009162;Pimienta negra 20g Dos Anclas;2000.0;12;precio_fijo;;1920.0;;;1;Precios Mayoristas
2000000005263;Pinza depilar negra;1500.0;3;precio_fijo;;1470.0;;;1;Precios Mayoristas
2000000005263;Pinza depilar negra;1500.0;12;precio_fijo;;1440.0;;;1;Precios Mayoristas
7791324157633;Pitusas Black Chocolate 130g;1400.0;3;precio_fijo;;1372.0;;;1;Precios Mayoristas
7791324000069;Pitusas Limon 160g;1400.0;12;precio_fijo;;1344.0;;;1;Precios Mayoristas
7792180146397;Pizza Romana 470g Pietro;10500.0;3;precio_fijo;;10290.0;;;1;Precios Mayoristas
7790070040015;Pizza Sibarita muzza 470g;11500.0;3;precio_fijo;;11270.0;;;1;Precios Mayoristas
7792180143617;Pizza x 3 540g Pietro;11900.0;3;precio_fijo;;11662.0;;;1;Precios Mayoristas
7792180143617;Pizza x 3 540g Pietro;11900.0;12;precio_fijo;;11424.0;;;1;Precios Mayoristas
7798113302113;Placer Pomelo 1,5L;1500.0;12;precio_fijo;;1440.0;;;1;Precios Mayoristas
7798113302014;Placer manzana 500cc;1000.0;3;precio_fijo;;980.0;;;1;Precios Mayoristas
7798113302014;Placer manzana 500cc;1000.0;12;precio_fijo;;960.0;;;1;Precios Mayoristas
7622201464882;Polvo Hornear Royal 50g;1900.0;3;precio_fijo;;1862.0;;;1;Precios Mayoristas
7622201464882;Polvo Hornear Royal 50g;1900.0;12;precio_fijo;;1824.0;;;1;Precios Mayoristas
7790787087204;Postre Ilolay Confites;3400.0;12;precio_fijo;;3264.0;;;1;Precios Mayoristas
2000000007670;Pote Yuyo Anis/clavo/canela;3500.0;3;precio_fijo;;3430.0;;;1;Precios Mayoristas
2000000007687;Pote yuyo SuperMate/jamaica/SuperTere/coco;3000.0;12;precio_fijo;;2880.0;;;1;Precios Mayoristas
7791519000676;Preservativo Prime lubricado;5500.0;3;precio_fijo;;5390.0;;;1;Precios Mayoristas
7791519701030;Preservativo Prime mega x3u;5000.0;3;precio_fijo;;4900.0;;;1;Precios Mayoristas
7791519702112;Preservativo Prime retardante x3u;5500.0;12;precio_fijo;;5280.0;;;1;Precios Mayoristas
7791014090325;Preservativo Tulipan clasico x 3;2500.0;3;precio_fijo;;2450.0;;;1;Precios Mayoristas
7790770602193;Protector Diario Normal suave 50u Calipso;2500.0;12;precio_fijo;;2400.0;;;1;Precios Mayoristas
7792900009230;Provenzal dos anclas 25g;2000.0;3;precio_fijo;;1960.0;;;1;Precios Mayoristas
7790036567440;Pure de tomates de la huerta 530g;1400.0;12;precio_fijo;;1344.0;;;1;Precios Mayoristas
7792882029448;Queso Rallado LA QUESERA 40g;1200.0;3;precio_fijo;;1176.0;;;1;Precios Mayoristas
2000000004877;Queso de campo x kg;12000.0;3;precio_fijo;;11760.0;;;1;Precios Mayoristas
2000000004877;Queso de campo x kg;12000.0;12;precio_fijo;;11520.0;;;1;Precios Mayoristas
77905048;Quitaesmalte Fortalecedor 120ml Doree;3800.0;3;precio_fijo;;3724.0;;;1;Precios Mayoristas
77905048;Quitaesmalte Fortalecedor 120ml Doree;3800.0;12;precio_fijo;;3648.0;;;1;Precios Mayoristas
7794050005117;Quitaesmalte hipoalarg 120ml Doree;3800.0;12;precio_fijo;;3648.0;;;1;Precios Mayoristas
77905017;Quitaesmalte humectante 120ml Doree;3800.0;3;precio_fijo;;3724.0;;;1;Precios Mayoristas
7790580153380;Ramen Cup Carne 65g Arcor;3500.0;12;precio_fijo;;3360.0;;;1;Precios Mayoristas
7790580153397;Ramen Cup Pollo 65g Arcor;3500.0;3;precio_fijo;;3430.0;;;1;Precios Mayoristas
7790580153397;Ramen Cup Pollo 65g Arcor;3500.0;12;precio_fijo;;3360.0;;;1;Precios Mayoristas
7790580153403;Ramen Cup Pollo Picante 65g Arcor;3500.0;3;precio_fijo;;3430.0;;;1;Precios Mayoristas
7790580153403;Ramen Cup Pollo Picante 65g Arcor;3500.0;12;precio_fijo;;3360.0;;;1;Precios Mayoristas
7798241799021;Rastrillo profesional Plastico;6300.0;12;precio_fijo;;6048.0;;;1;Precios Mayoristas
7795711003862;Raviol Carne Verdur V.Dagri;3400.0;3;precio_fijo;;3332.0;;;1;Precios Mayoristas
7795711003862;Raviol Carne Verdur V.Dagri;3400.0;12;precio_fijo;;3264.0;;;1;Precios Mayoristas
7795711000397;Raviol Ricota espinaca 500 Villa dagri;3400.0;3;precio_fijo;;3332.0;;;1;Precios Mayoristas
7795711000397;Raviol Ricota espinaca 500 Villa dagri;3400.0;12;precio_fijo;;3264.0;;;1;Precios Mayoristas
7790070621887;Ravioles La salteña carne espinaca 450g;3400.0;3;precio_fijo;;3332.0;;;1;Precios Mayoristas
7790070621887;Ravioles La salteña carne espinaca 450g;3400.0;12;precio_fijo;;3264.0;;;1;Precios Mayoristas
77900883;Red Point 20 u;2500.0;3;precio_fijo;;2450.0;;;1;Precios Mayoristas
7791293051963;Rexona Efficient Original 100g;4800.0;12;precio_fijo;;4608.0;;;1;Precios Mayoristas
7792900009285;Romero 25g Dos Anclas;1600.0;3;precio_fijo;;1568.0;;;1;Precios Mayoristas
7792900009285;Romero 25g Dos Anclas;1600.0;12;precio_fijo;;1536.0;;;1;Precios Mayoristas
7792900092676;Sal Gruesa Dos Anclas 500g;1900.0;3;precio_fijo;;1862.0;;;1;Precios Mayoristas
7792900092706;Sal fina 500gr Dos Estrellas;1000.0;3;precio_fijo;;980.0;;;1;Precios Mayoristas
7790670052364;Salchicha Patyviena 6u;2500.0;3;precio_fijo;;2450.0;;;1;Precios Mayoristas
7790670052395;Salchicha Patyviena x 12u;5000.0;12;precio_fijo;;4800.0;;;1;Precios Mayoristas
7798116163087;Salsa Aji Picante Tahiti;3500.0;3;precio_fijo;;3430.0;;;1;Precios Mayoristas
7798116163018;Salsa Chimichurri 270g Tahiti;2800.0;12;precio_fijo;;2688.0;;;1;Precios Mayoristas
7798116166019;Salsa Soja Tahiti 265cc;3600.0;3;precio_fijo;;3528.0;;;1;Precios Mayoristas
2000000006871;Secador goma negro 40cm;2500.0;12;precio_fijo;;2400.0;;;1;Precios Mayoristas
2000000005270;Sertal Compuesto x1u;1500.0;3;precio_fijo;;1470.0;;;1;Precios Mayoristas
2000000005270;Sertal Compuesto x1u;1500.0;10;porcentaje;40.0;900.0;;;1;tableta
2000000005270;Sertal Compuesto x1u;1500.0;12;precio_fijo;;1440.0;;;1;Precios Mayoristas
7798342712233;Set muñecas veterinaria;18000.0;3;precio_fijo;;17640.0;;;1;Precios Mayoristas
7791293047003;Shampoo Dove reg colag 200ml;4500.0;3;precio_fijo;;4410.0;;;1;Precios Mayoristas
7791293047003;Shampoo Dove reg colag 200ml;4500.0;12;precio_fijo;;4320.0;;;1;Precios Mayoristas
7790740000240;Shampoo Plusbelle frescura 1000ml;4000.0;12;precio_fijo;;3840.0;;;1;Precios Mayoristas
7790740000264;Shampoo Plusbelle nutrición 1000ml;4000.0;3;precio_fijo;;3920.0;;;1;Precios Mayoristas
7790740000288;Shampoo Plusbelle proteccion Coco;4000.0;12;precio_fijo;;3840.0;;;1;Precios Mayoristas
7791293045689;Shampoo Sedal Restauración 190ml;3300.0;3;precio_fijo;;3234.0;;;1;Precios Mayoristas
7791293045689;Shampoo Sedal Restauración 190ml;3300.0;12;precio_fijo;;3168.0;;;1;Precios Mayoristas
7791293045658;Shampoo Sedal brillo ceramidas 190ml;3300.0;12;precio_fijo;;3168.0;;;1;Precios Mayoristas
7791293045665;Shampoo Sedal crema balance 190ml;3300.0;3;precio_fijo;;3234.0;;;1;Precios Mayoristas
7791293045702;Shampoo ceramidas 300ml d/p SEDAL;3800.0;3;precio_fijo;;3724.0;;;1;Precios Mayoristas
7790740000257;Shampoo plusbelle suavidad;4000.0;3;precio_fijo;;3920.0;;;1;Precios Mayoristas
7790740000257;Shampoo plusbelle suavidad;4000.0;12;precio_fijo;;3840.0;;;1;Precios Mayoristas
7796038005157;Silvato sylcon x11u;2500.0;3;precio_fijo;;2450.0;;;1;Precios Mayoristas
7791250001345;Smirnoff vodka 700ml;9600.0;3;precio_fijo;;9408.0;;;1;Precios Mayoristas
7798119220183;Speed 473ml;3000.0;12;precio_fijo;;2880.0;;;1;Precios Mayoristas
7791290796607;Suavizante Clasic 900ml VIVERE;3300.0;3;precio_fijo;;3234.0;;;1;Precios Mayoristas
7791290796607;Suavizante Clasic 900ml VIVERE;3300.0;12;precio_fijo;;3168.0;;;1;Precios Mayoristas
7790040147720;Surtido Bagley 400g;3600.0;12;precio_fijo;;3456.0;;;1;Precios Mayoristas
7791905002598;Suvizante Flor Bosq Querubin 900ml;3500.0;3;precio_fijo;;3430.0;;;1;Precios Mayoristas
7791905002598;Suvizante Flor Bosq Querubin 900ml;3500.0;12;precio_fijo;;3360.0;;;1;Precios Mayoristas
2000000005256;Tafirol forte 650 Paracetamol x1u;1000.0;10;porcentaje;40.0;600.0;;;1;tableta
7500810047095;Takis Buckin ranch 85g;2800.0;3;precio_fijo;;2744.0;;;1;Precios Mayoristas
7500810047095;Takis Buckin ranch 85g;2800.0;12;precio_fijo;;2688.0;;;1;Precios Mayoristas
7500810034538;Takis Fuego 48g;1900.0;3;precio_fijo;;1862.0;;;1;Precios Mayoristas
7791869000449;Tapa Empanada Signo de Oro;1600.0;3;precio_fijo;;1568.0;;;1;Precios Mayoristas
7791869000449;Tapa Empanada Signo de Oro;1600.0;12;precio_fijo;;1536.0;;;1;Precios Mayoristas
7791672000766;Tapitas alfajor 350gr Fantoche;2600.0;3;precio_fijo;;2548.0;;;1;Precios Mayoristas
7791672000766;Tapitas alfajor 350gr Fantoche;2600.0;12;precio_fijo;;2496.0;;;1;Precios Mayoristas
7790387001419;Te Boldo Taragui 20 saq;2400.0;3;precio_fijo;;2352.0;;;1;Precios Mayoristas
7790387001433;Te Tilo Taragui 20 saq;2900.0;12;precio_fijo;;2784.0;;;1;Precios Mayoristas
75077556;Te Vick Forte 5g;3800.0;3;precio_fijo;;3724.0;;;1;Precios Mayoristas
7791540053351;Termidor tinto 1Lt;2000.0;3;precio_fijo;;1960.0;;;1;Precios Mayoristas
7791540053351;Termidor tinto 1Lt;2000.0;12;precio_fijo;;1920.0;;;1;Precios Mayoristas
7791914008741;Test embarazo coronet;2900.0;3;precio_fijo;;2842.0;;;1;Precios Mayoristas
7790770602070;Toalla Femenina Calipso normal c/a 8u;1500.0;12;precio_fijo;;1440.0;;;1;Precios Mayoristas
7794626010330;Toalla femenina Lina Normal c/a 8u;2000.0;3;precio_fijo;;1960.0;;;1;Precios Mayoristas
7794626010330;Toalla femenina Lina Normal c/a 8u;2000.0;12;precio_fijo;;1920.0;;;1;Precios Mayoristas
7790770601851;Toalla femenina Nosotras nocturna c/a 8u;3600.0;3;precio_fijo;;3528.0;;;1;Precios Mayoristas
7790770601851;Toalla femenina Nosotras nocturna c/a 8u;3600.0;12;precio_fijo;;3456.0;;;1;Precios Mayoristas
7790770601905;Toalla femenina Nosotras normal c/a 8u;2500.0;3;precio_fijo;;2450.0;;;1;Precios Mayoristas
7798426253270;Toalla infantil Home Life;15000.0;3;precio_fijo;;14700.0;;;1;Precios Mayoristas
7798426253270;Toalla infantil Home Life;15000.0;12;precio_fijo;;14400.0;;;1;Precios Mayoristas
7798426254444;Toalla x 2 mano 40x75 HL;19800.0;3;precio_fijo;;19404.0;;;1;Precios Mayoristas
7798426254444;Toalla x 2 mano 40x75 HL;19800.0;12;precio_fijo;;19008.0;;;1;Precios Mayoristas
7790064104686;Toallas humedas Cuidado Diario Estrella 50u;3500.0;12;precio_fijo;;3360.0;;;1;Precios Mayoristas
7896061990687;Toallas humedas baby sec 50u;3000.0;3;precio_fijo;;2940.0;;;1;Precios Mayoristas
7790064104679;Toallas humedas cuid. rel. Estrella x 50u;3500.0;3;precio_fijo;;3430.0;;;1;Precios Mayoristas
7790064104693;Toallita  húmeda H/Sens Estrella 50u;3800.0;12;precio_fijo;;3648.0;;;1;Precios Mayoristas
2000000007298;Tomate Perita x kg;3000.0;12;precio_fijo;;2880.0;;;1;Precios Mayoristas
7790071090231;Tostadas Riera clasicas 200g;1700.0;3;precio_fijo;;1666.0;;;1;Precios Mayoristas
7790071090231;Tostadas Riera clasicas 200g;1700.0;12;precio_fijo;;1632.0;;;1;Precios Mayoristas
77940131;Turron mani Arcor 25g;400.0;12;precio_fijo;;384.0;;;1;Precios Mayoristas
2000000005089;Uvasal sobre doble 5g;2000.0;12;precio_fijo;;1920.0;;;1;Precios Mayoristas
7790628102639;Vainillas 160g Mauri;1700.0;12;precio_fijo;;1632.0;;;1;Precios Mayoristas
2000000007229;Vela Cumple numero x1u;2000.0;3;precio_fijo;;1960.0;;;1;Precios Mayoristas
2000000007229;Vela Cumple numero x1u;2000.0;12;precio_fijo;;1920.0;;;1;Precios Mayoristas
2000000007151;Velas Largas Gibre  x 1u Sylicon;1000.0;12;precio_fijo;;960.0;;;1;Precios Mayoristas
7797470126592;Velas x 4 el Buda 16x205;2000.0;12;precio_fijo;;1920.0;;;1;Precios Mayoristas
7792900093246;Vinagre alcoh dos anclas 1lt;3300.0;3;precio_fijo;;3234.0;;;1;Precios Mayoristas
7790070760579;Vino 750ml Benjamin;4500.0;3;precio_fijo;;4410.0;;;1;Precios Mayoristas
7795633003391;Vino tinto Dulce 1125cc Cabarceno;3500.0;3;precio_fijo;;3430.0;;;1;Precios Mayoristas
7795633003391;Vino tinto Dulce 1125cc Cabarceno;3500.0;12;precio_fijo;;3360.0;;;1;Precios Mayoristas
7793704000928;Yerba  Playadito 1kg;5500.0;3;precio_fijo;;5390.0;;;1;Precios Mayoristas
7793704000928;Yerba  Playadito 1kg;5500.0;12;precio_fijo;;5280.0;;;1;Precios Mayoristas
7790710334597;Yerba CBC Limón 500g;1900.0;3;precio_fijo;;1862.0;;;1;Precios Mayoristas
7792710000182;Yerba Mate amanda tradic 500g;2000.0;3;precio_fijo;;1960.0;;;1;Precios Mayoristas
7790387013610;Yerba Taragui 1kg;4200.0;12;precio_fijo;;4032.0;;;1;Precios Mayoristas
7790387013627;Yerba Taragui 500g;2300.0;12;precio_fijo;;2208.0;;;1;Precios Mayoristas
7790387014624;Yerba Union Suave original 500g;2800.0;3;precio_fijo;;2744.0;;;1;Precios Mayoristas
7790387014136;Yerba union suave 1kg;7500.0;12;precio_fijo;;7200.0;;;1;Precios Mayoristas
7790787960378;Yogur Ilolay Frime Vain 120g;1200.0;3;precio_fijo;;1176.0;;;1;Precios Mayoristas
7790787960361;Yogur Ilolay frutilla 120g;1200.0;12;precio_fijo;;1152.0;;;1;Precios Mayoristas
7791337010369;Yogur vainilla La serenisima sachet 1lt;2800.0;3;precio_fijo;;2744.0;;;1;Precios Mayoristas
7791337010369;Yogur vainilla La serenisima sachet 1lt;2800.0;12;precio_fijo;;2688.0;;;1;Precios Mayoristas
2000000002699;Yuyo Mate Tira.;500.0;3;precio_fijo;;490.0;;;1;Precios Mayoristas
2000000002699;Yuyo Mate Tira.;500.0;12;precio_fijo;;480.0;;;1;Precios Mayoristas
7790040003606;kesitas 75g;1400.0;12;precio_fijo;;1344.0;;;1;Precios Mayoristas
7790070040046;pizza muzza/Jamon Sibarita;11500.0;3;precio_fijo;;11270.0;;;1;Precios Mayoristas
2000000006352;secador piso c/palo;3200.0;3;precio_fijo;;3136.0;;;1;Precios Mayoristas
2000000006352;secador piso c/palo;3200.0;12;precio_fijo;;3072.0;;;1;Precios Mayoristas
7791337010215;yogur frut La serenisima sachet 1lt;2800.0;3;precio_fijo;;2744.0;;;1;Precios Mayoristas
7791337010215;yogur frut La serenisima sachet 1lt;2800.0;12;precio_fijo;;2688.0;;;1;Precios Mayoristas
7795711000106;Ñoquis V.Dagri;2800.0;3;precio_fijo;;2744.0;;;1;Precios Mayoristas
727373026986;Aceite 4 litros Prados del Sol;13000.0;3;precio_fijo;;12740.0;;;1;Precios Mayoristas
7790070265128;Aceite Cocinero Oliva  x 250ml;6100.0;12;precio_fijo;;5856.0;;;1;Precios Mayoristas
7797470005682;Aceite Girasol 5lt MAROLIO;19300.0;3;precio_fijo;;18914.0;;;1;Precios Mayoristas
7790070012050;Aceite Girasol Cocinero 900cc;3600.0;12;precio_fijo;;3456.0;;;1;Precios Mayoristas
7791293045887;Acondicionador  Sedal Rest inst 190ml;3300.0;3;precio_fijo;;3234.0;;;1;Precios Mayoristas
7790010003261;Acondicionador Jhonson baby Glic 200ml;6900.0;12;precio_fijo;;6624.0;;;1;Precios Mayoristas
7790740000318;Acondicionador Plusbelle Brillo 1000ml;4000.0;3;precio_fijo;;3920.0;;;1;Precios Mayoristas
7790740000363;Acondicionador Plusbelle prot 1000ml coco;4000.0;3;precio_fijo;;3920.0;;;1;Precios Mayoristas
7791293045856;Acondicionador Sedal Brillo Ceramidas 190ml;3300.0;3;precio_fijo;;3234.0;;;1;Precios Mayoristas
77982728;Acondicionador Sedal Ceram sachet 10ml;400.0;12;precio_fijo;;384.0;;;1;Precios Mayoristas
7791293045863;Acondicionador Sedal Crema Balance 190ml;3300.0;3;precio_fijo;;3234.0;;;1;Precios Mayoristas
7791293045900;Acondicionador ceramidas d/p 300ml Sedal;3800.0;12;precio_fijo;;3648.0;;;1;Precios Mayoristas
7793640992837;Actron Rap. Acc. x 1u Ibu 600;1500.0;12;precio_fijo;;1440.0;;;1;Precios Mayoristas
7790895643866;Ades multifruta 1L;2800.0;12;precio_fijo;;2688.0;;;1;Precios Mayoristas
7798113301611;Agua mineral 2L Villa manaos;1600.0;3;precio_fijo;;1568.0;;;1;Precios Mayoristas
7792900990859;Ajo Deshidratado Dos Anclas 20g;1600.0;3;precio_fijo;;1568.0;;;1;Precios Mayoristas
2000000002781;Ajo cabeza;1000.0;3;precio_fijo;;980.0;;;1;Precios Mayoristas
2000000002781;Ajo cabeza;1000.0;12;precio_fijo;;960.0;;;1;Precios Mayoristas
7796551000806;Alcohol gel 99% Carmel 250ml;4000.0;3;precio_fijo;;3920.0;;;1;Precios Mayoristas
7796551000806;Alcohol gel 99% Carmel 250ml;4000.0;12;precio_fijo;;3840.0;;;1;Precios Mayoristas
7790040991910;Alfajor B&n Bagley x3 1u;1500.0;3;precio_fijo;;1470.0;;;1;Precios Mayoristas
77991577;Alfajor Fantoche choco triple 75g;1600.0;12;precio_fijo;;1536.0;;;1;Precios Mayoristas
77915481;Alfajor Pepitos triple 57g;1700.0;12;precio_fijo;;1632.0;;;1;Precios Mayoristas
7798397444202;Alfajor Rasta triple Negro;1600.0;12;precio_fijo;;1536.0;;;1;Precios Mayoristas
77939234;Alfajor Terrabusi clasico;1600.0;12;precio_fijo;;1536.0;;;1;Precios Mayoristas
77967442;Alfajor Trassens Negro 70g;1500.0;12;precio_fijo;;1440.0;;;1;Precios Mayoristas
2000000007274;Alfajor escolar x 1u Vimar;600.0;3;precio_fijo;;588.0;;;1;Precios Mayoristas
2000000007274;Alfajor escolar x 1u Vimar;600.0;12;precio_fijo;;576.0;;;1;Precios Mayoristas
7790040405301;Alfajor tatin blanco 3;1500.0;12;precio_fijo;;1440.0;;;1;Precios Mayoristas
7790064000261;Algodon Estrella 75g;1200.0;12;precio_fijo;;1152.0;;;1;Precios Mayoristas
2000000004884;Alikal sobre 4,5g;1200.0;12;precio_fijo;;1152.0;;;1;Precios Mayoristas
2000000007458;Alimento Gato x kg Maintenance Criadores;4000.0;3;precio_fijo;;3920.0;;;1;Precios Mayoristas
2000000007458;Alimento Gato x kg Maintenance Criadores;4000.0;12;precio_fijo;;3840.0;;;1;Precios Mayoristas
7790240042108;Alma Mora vino Tinto 750ml;6500.0;12;precio_fijo;;6240.0;;;1;Precios Mayoristas
7794000007451;Almidon Maiz Maizena Original 220g;2600.0;3;precio_fijo;;2548.0;;;1;Precios Mayoristas
7899241602462;Almohada Felicity 50 x 70 Altenburg;17000.0;12;precio_fijo;;16320.0;;;1;Precios Mayoristas
7791293032498;Antitranspirante Bamboo 150ml Rexona;4300.0;3;precio_fijo;;4214.0;;;1;Precios Mayoristas
7791293032498;Antitranspirante Bamboo 150ml Rexona;4300.0;12;precio_fijo;;4128.0;;;1;Precios Mayoristas
7506306241183;Antitranspirante Dove  Fresh care Original  150ml;5100.0;3;precio_fijo;;4998.0;;;1;Precios Mayoristas
7506306241183;Antitranspirante Dove  Fresh care Original  150ml;5100.0;12;precio_fijo;;4896.0;;;1;Precios Mayoristas
7791293048482;Antitranspirante Dove Fresh care Pom Hier 150ml;5100.0;12;precio_fijo;;4896.0;;;1;Precios Mayoristas
7791293033266;Antitranspirante Dove Granada 150ml;5100.0;3;precio_fijo;;4998.0;;;1;Precios Mayoristas
7791293033273;Antitranspirante Dove Sin perfume 150ml;5100.0;3;precio_fijo;;4998.0;;;1;Precios Mayoristas
7791293033273;Antitranspirante Dove Sin perfume 150ml;5100.0;12;precio_fijo;;4896.0;;;1;Precios Mayoristas
7506306241176;Antitranspirante Dove violeta Fresia 150ml;5100.0;12;precio_fijo;;4896.0;;;1;Precios Mayoristas
78935068;Antitranspirante gran.verb rol-on 50ml Dove;3800.0;12;precio_fijo;;3648.0;;;1;Precios Mayoristas
78924529;Antitranspirante inv dry roll-on Dove;4800.0;3;precio_fijo;;4704.0;;;1;Precios Mayoristas
78924529;Antitranspirante inv dry roll-on Dove;4800.0;12;precio_fijo;;4608.0;;;1;Precios Mayoristas
7891150081239;Antitranspirante orig Tam Econ 250ml Dove;7400.0;3;precio_fijo;;7252.0;;;1;Precios Mayoristas
7791229001710;Aposito posparto Comodin;3000.0;12;precio_fijo;;2880.0;;;1;Precios Mayoristas
7798016783224;Aritos Desayuno 90g Burbujas;1300.0;3;precio_fijo;;1274.0;;;1;Precios Mayoristas
7798016783224;Aritos Desayuno 90g Burbujas;1300.0;12;precio_fijo;;1248.0;;;1;Precios Mayoristas
7790070431417;Arroz 1kg Gallo Oro;2400.0;3;precio_fijo;;2352.0;;;1;Precios Mayoristas
7790070431417;Arroz 1kg Gallo Oro;2400.0;12;precio_fijo;;2304.0;;;1;Precios Mayoristas
7797470195949;Arroz Largo Fino 5 kg Marolio;8000.0;3;precio_fijo;;7840.0;;;1;Precios Mayoristas
7797470195949;Arroz Largo Fino 5 kg Marolio;8000.0;12;precio_fijo;;7680.0;;;1;Precios Mayoristas
7797470003718;Arroz Marolio Largo Fino 1kg;1800.0;3;precio_fijo;;1764.0;;;1;Precios Mayoristas
7797470007426;Arvejas Marolio 340g;800.0;3;precio_fijo;;784.0;;;1;Precios Mayoristas
7797470007426;Arvejas Marolio 340g;800.0;12;precio_fijo;;768.0;;;1;Precios Mayoristas
2000000006956;Asado americano x kg;16900.0;12;precio_fijo;;16224.0;;;1;Precios Mayoristas
2000000007007;Asado especial x kg;16000.0;12;precio_fijo;;15360.0;;;1;Precios Mayoristas
7790199605812;Avena Morixe Instantanea 280g;1700.0;12;precio_fijo;;1632.0;;;1;Precios Mayoristas
7798174970016;Azucar 1kg Azucel;1400.0;3;precio_fijo;;1372.0;;;1;Precios Mayoristas
7792540260138;Azucar Ledesma 1kg;1600.0;3;precio_fijo;;1568.0;;;1;Precios Mayoristas
7794940000536;Azucar light 500g Hileret;2600.0;3;precio_fijo;;2548.0;;;1;Precios Mayoristas
7798342710314;Balanza Digital VTL;20000.0;3;precio_fijo;;19600.0;;;1;Precios Mayoristas
2000000007465;Balde plastico 10l Quechua;6000.0;3;precio_fijo;;5880.0;;;1;Precios Mayoristas
2000000007304;Banana x kg;2500.0;3;precio_fijo;;2450.0;;;1;Precios Mayoristas
7790380020240;Barra cereal Flow Almend/choco 30g;1400.0;12;precio_fijo;;1344.0;;;1;Precios Mayoristas
7790380020172;Barra cereal Frutos Roj/Yogur 23g Flow;1200.0;3;precio_fijo;;1176.0;;;1;Precios Mayoristas
7790380014928;Barra cereal mix frutas 23g Flow;1400.0;3;precio_fijo;;1372.0;;;1;Precios Mayoristas
7798181641411;Bebe Advance 1 200ml Sancor;2700.0;3;precio_fijo;;2646.0;;;1;Precios Mayoristas
7798181641411;Bebe Advance 1 200ml Sancor;2700.0;12;precio_fijo;;2592.0;;;1;Precios Mayoristas
2000000007175;Bengala Gibre cumpleaños x1 Sylcon;3500.0;12;precio_fijo;;3360.0;;;1;Precios Mayoristas
7792900092805;Bicarbonato 25g Dos Anclas;1000.0;12;precio_fijo;;960.0;;;1;Precios Mayoristas
7798113301505;Bidon Agua Manaos 6lt;2900.0;12;precio_fijo;;2784.0;;;1;Precios Mayoristas
2000000006789;Bife/carre Cerdo x kg;8900.0;3;precio_fijo;;8722.0;;;1;Precios Mayoristas
7795735000335;Bizcocho Don Satur Dulce 200g;1400.0;12;precio_fijo;;1344.0;;;1;Precios Mayoristas
7795735000328;Bizcocho Don Satur salado 200g;1400.0;12;precio_fijo;;1344.0;;;1;Precios Mayoristas
7790070432971;Bizcochuelo Chocolate 540g Exquisita;5900.0;3;precio_fijo;;5782.0;;;1;Precios Mayoristas
7790971000194;Bizcochuelo Ravana Chocolate 540g;3800.0;3;precio_fijo;;3724.0;;;1;Precios Mayoristas
7790070432964;Bizcochuelo Vainilla 540g Exquisita;5900.0;3;precio_fijo;;5782.0;;;1;Precios Mayoristas
7798052363213;Bolitas dulces 80g Nikitos;1200.0;12;precio_fijo;;1152.0;;;1;Precios Mayoristas
7790580178109;Bolsa Caramelos surtidos Misky 800g;9000.0;3;precio_fijo;;8820.0;;;1;Precios Mayoristas
7797470126288;Bolsa Residuos 45x60 El Buda 10u.;1500.0;12;precio_fijo;;1440.0;;;1;Precios Mayoristas
7797470126295;Bolsa Residuos El Buda 50x70 x 10u;1700.0;3;precio_fijo;;1666.0;;;1;Precios Mayoristas
7794321019089;Bolsa Virutex rollo 50x70 20u;2500.0;3;precio_fijo;;2450.0;;;1;Precios Mayoristas
2000000002330;Bolsa ajo grande;3000.0;3;precio_fijo;;2940.0;;;1;Precios Mayoristas
2000000002330;Bolsa ajo grande;3000.0;12;precio_fijo;;2880.0;;;1;Precios Mayoristas
7792254555414;Bolsa residuo nro 7 x 10 un;1000.0;3;precio_fijo;;980.0;;;1;Precios Mayoristas
7891000392775;Bombones Garoto Surtidos 250g;9800.0;3;precio_fijo;;9604.0;;;1;Precios Mayoristas
7790580131388;Bombones seleccion  228,6g Arcor;12000.0;12;precio_fijo;;11520.0;;;1;Precios Mayoristas
7790580153922;Bon o Bon Supreme 144g;10000.0;12;precio_fijo;;9600.0;;;1;Precios Mayoristas
7790580119126;Bon o Bon Surtido 255g;12000.0;12;precio_fijo;;11520.0;;;1;Precios Mayoristas
7798013108228;Bondiola Cagnoli x 200g;5700.0;3;precio_fijo;;5586.0;;;1;Precios Mayoristas
2000000006796;Bondiola x kg;10000.0;12;precio_fijo;;9600.0;;;1;Precios Mayoristas
9414202064004;Botella plástica 600ml Sistema;14000.0;3;precio_fijo;;13720.0;;;1;Precios Mayoristas
6985445469657;Botellita con chicle;1000.0;12;precio_fijo;;960.0;;;1;Precios Mayoristas
7797470199510;Broches Plasticos x12 Esencial;1900.0;3;precio_fijo;;1862.0;;;1;Precios Mayoristas
6972573331604;Cable Carga micro WUW;5000.0;3;precio_fijo;;4900.0;;;1;Precios Mayoristas
7796350507810;Cable USB - C;5000.0;3;precio_fijo;;4900.0;;;1;Precios Mayoristas
8445291121867;Cacao Nesquik 180g;2300.0;12;precio_fijo;;2208.0;;;1;Precios Mayoristas
7790070933645;Cafe instantaneo Arlistan 100g;5600.0;3;precio_fijo;;5488.0;;;1;Precios Mayoristas
8445291082175;Cafe instantaneo Dolca 50g;3800.0;3;precio_fijo;;3724.0;;;1;Precios Mayoristas
7794000008571;Caldo Knor x2u Gallina;1000.0;3;precio_fijo;;980.0;;;1;Precios Mayoristas
7794000008588;Caldo Knor x2u verdura;1000.0;12;precio_fijo;;960.0;;;1;Precios Mayoristas
2000000004402;Camioncito con caramelo;1300.0;3;precio_fijo;;1274.0;;;1;Precios Mayoristas
2000000004938;Carbon Apicar Plus;600.0;3;precio_fijo;;588.0;;;1;Precios Mayoristas
2000000004938;Carbon Apicar Plus;600.0;12;precio_fijo;;576.0;;;1;Precios Mayoristas
7792783000515;Cartas Hachazo x 50u.;2200.0;3;precio_fijo;;2156.0;;;1;Precios Mayoristas
7792783000515;Cartas Hachazo x 50u.;2200.0;12;precio_fijo;;2112.0;;;1;Precios Mayoristas
2000000004594;Cebolla x kg;4000.0;3;precio_fijo;;3920.0;;;1;Precios Mayoristas
6910021007206;Cepillo dental Colgate medio;1900.0;3;precio_fijo;;1862.0;;;1;Precios Mayoristas
7792459501070;Cepillo para baño La Gauchita;4900.0;3;precio_fijo;;4802.0;;;1;Precios Mayoristas
7792459501070;Cepillo para baño La Gauchita;4900.0;12;precio_fijo;;4704.0;;;1;Precios Mayoristas
2000000006925;Cepillo planchita Josmar;2100.0;3;precio_fijo;;2058.0;;;1;Precios Mayoristas
7794728011174;Cera Depilación Lata 200g rosa Depimiel;8000.0;12;precio_fijo;;7680.0;;;1;Precios Mayoristas
7794728001229;Cera depilatoria 200g verde Depimiel;5000.0;12;precio_fijo;;4800.0;;;1;Precios Mayoristas
7891000337271;Cereal nesquik 210g;5400.0;3;precio_fijo;;5292.0;;;1;Precios Mayoristas
7793147001056;Cerveza Budweizer retornable 1000cc;4100.0;3;precio_fijo;;4018.0;;;1;Precios Mayoristas
77982377;Chicle 5g uva bubaloo;200.0;3;precio_fijo;;196.0;;;1;Precios Mayoristas
77982377;Chicle 5g uva bubaloo;200.0;12;precio_fijo;;192.0;;;1;Precios Mayoristas
77969071;Chicle Beldent 10g;1000.0;3;precio_fijo;;980.0;;;1;Precios Mayoristas
77969088;Chicle Menta Power 20g Beldent;1000.0;3;precio_fijo;;980.0;;;1;Precios Mayoristas
2000000002828;Chip movistar;2000.0;12;precio_fijo;;1920.0;;;1;Precios Mayoristas
7798016783132;Chock Desayuno 90g Burbujas;1300.0;12;precio_fijo;;1248.0;;;1;Precios Mayoristas
7797470005347;Choclo Lata 300gr Marolio;1400.0;3;precio_fijo;;1372.0;;;1;Precios Mayoristas
7797470005347;Choclo Lata 300gr Marolio;1400.0;12;precio_fijo;;1344.0;;;1;Precios Mayoristas
77953124;Chocolate Block Mani 38g Cofler;2100.0;12;precio_fijo;;2016.0;;;1;Precios Mayoristas
7792360071365;Chocolate Taza 100g Bonafide;5900.0;3;precio_fijo;;5782.0;;;1;Precios Mayoristas
7792360071365;Chocolate Taza 100g Bonafide;5900.0;12;precio_fijo;;5664.0;;;1;Precios Mayoristas
7790580421007;Chocolate x20gr Rocklets;1300.0;3;precio_fijo;;1274.0;;;1;Precios Mayoristas
2000000005775;Chupetin Mister pops Blueberry;500.0;12;precio_fijo;;480.0;;;1;Precios Mayoristas
7791290794238;Cif crema original 250ml;2600.0;12;precio_fijo;;2496.0;;;1;Precios Mayoristas
7791290795624;Cif limpia vidrios 450ml d/p;2100.0;3;precio_fijo;;2058.0;;;1;Precios Mayoristas
77929327;Cinta aisladora negra x 1u.;1000.0;12;precio_fijo;;960.0;;;1;Precios Mayoristas
2000000004808;Cinta de Embalar 100m;1900.0;3;precio_fijo;;1862.0;;;1;Precios Mayoristas
2000000004808;Cinta de Embalar 100m;1900.0;12;precio_fijo;;1824.0;;;1;Precios Mayoristas
7622210691835;Club Social Jamón x 6 x 24g;3400.0;3;precio_fijo;;3332.0;;;1;Precios Mayoristas
7622202293733;Club Social Original 6 x 24g;3400.0;12;precio_fijo;;3264.0;;;1;Precios Mayoristas
7790895000232;Coca Cola lata 350ml;1600.0;12;precio_fijo;;1536.0;;;1;Precios Mayoristas
7798023696869;Coctel 5 frutas 820gr S&P;3700.0;3;precio_fijo;;3626.0;;;1;Precios Mayoristas
7798023696869;Coctel 5 frutas 820gr S&P;3700.0;12;precio_fijo;;3552.0;;;1;Precios Mayoristas
7509546695501;Colgate Herbal 70g;2700.0;3;precio_fijo;;2646.0;;;1;Precios Mayoristas
2000000002354;Condimento Adobo pizza;1500.0;3;precio_fijo;;1470.0;;;1;Precios Mayoristas
2000000002354;Condimento Adobo pizza;1500.0;12;precio_fijo;;1440.0;;;1;Precios Mayoristas
7790150497081;Condimento Alicante Milanesas 25g;1600.0;3;precio_fijo;;1568.0;;;1;Precios Mayoristas
2000000002361;Condimento provensal;1500.0;3;precio_fijo;;1470.0;;;1;Precios Mayoristas
2000000005430;Copia Blanco y negro;500.0;3;precio_fijo;;490.0;;;1;Precios Mayoristas
2000000006765;Copia color;1000.0;12;precio_fijo;;960.0;;;1;Precios Mayoristas
7798016786843;Copos Azucarados 90g Burbujas;1100.0;12;precio_fijo;;1056.0;;;1;Precios Mayoristas
2000000002637;Coquitos/Coquitin;4300.0;12;precio_fijo;;4128.0;;;1;Precios Mayoristas
7790742141309;Crema Batir La serenisima 200cc;3500.0;12;precio_fijo;;3360.0;;;1;Precios Mayoristas
7790742141606;Crema Cocinar La serenisima 200ml;3500.0;12;precio_fijo;;3360.0;;;1;Precios Mayoristas
7798105126055;Crema Levedit polvo 250g;6100.0;3;precio_fijo;;5978.0;;;1;Precios Mayoristas
7798441563873;Cubre cama 230x250 gris Kavanagh;49000.0;3;precio_fijo;;48020.0;;;1;Precios Mayoristas
7798441563873;Cubre cama 230x250 gris Kavanagh;49000.0;12;precio_fijo;;47040.0;;;1;Precios Mayoristas
7791540047862;Dada Vino Malbec 750ml;5900.0;3;precio_fijo;;5782.0;;;1;Precios Mayoristas
7793253004293;Deo Poet despertar 360ml;3000.0;3;precio_fijo;;2940.0;;;1;Precios Mayoristas
7793253004293;Deo Poet despertar 360ml;3000.0;12;precio_fijo;;2880.0;;;1;Precios Mayoristas
7793253004323;Deo Poet esp play 360ml;3000.0;3;precio_fijo;;2940.0;;;1;Precios Mayoristas
7793253004255;Deo Poet suav bebe 360ml;3000.0;12;precio_fijo;;2880.0;;;1;Precios Mayoristas
7791293049632;Desodorante Rexona Cotton Dry 250ml;6800.0;12;precio_fijo;;6528.0;;;1;Precios Mayoristas
77987983;Desodorante odorono 60g Rexona;2900.0;12;precio_fijo;;2784.0;;;1;Precios Mayoristas
7790990003046;Detergente  limon 750ml Magistral;7000.0;12;precio_fijo;;6720.0;;;1;Precios Mayoristas
7791290793903;Detergente ALA cremoso 750ml;2800.0;12;precio_fijo;;2688.0;;;1;Precios Mayoristas
7792260000540;Dulce de Batata/choco 500 g Orieta;2000.0;3;precio_fijo;;1960.0;;;1;Precios Mayoristas
7792260000557;Dulce de Membrillo 500g Orieta;2500.0;3;precio_fijo;;2450.0;;;1;Precios Mayoristas
7790742625304;Dulce de leche la serenisima 400g;3500.0;12;precio_fijo;;3360.0;;;1;Precios Mayoristas
7798023695565;Durazno en trozos S&P 820g;2400.0;3;precio_fijo;;2352.0;;;1;Precios Mayoristas
7790490998231;Edulcorante liquido 250cc Hileret;3800.0;3;precio_fijo;;3724.0;;;1;Precios Mayoristas
2000000005379;Empanadas Jamon y Queso Pietro 4u 340g;9900.0;3;precio_fijo;;9702.0;;;1;Precios Mayoristas
2000000005379;Empanadas Jamon y Queso Pietro 4u 340g;9900.0;12;precio_fijo;;9504.0;;;1;Precios Mayoristas
7792180130303;Empanadas carne Pietro 4u 340g;9900.0;3;precio_fijo;;9702.0;;;1;Precios Mayoristas
070330913431;Encendedor Mini BIC;1400.0;3;precio_fijo;;1372.0;;;1;Precios Mayoristas
070330913431;Encendedor Mini BIC;1400.0;12;precio_fijo;;1344.0;;;1;Precios Mayoristas
2000000004945;Envases esteriles;2000.0;12;precio_fijo;;1920.0;;;1;Precios Mayoristas
2000000006932;Escobillon super plano;3300.0;3;precio_fijo;;3234.0;;;1;Precios Mayoristas
7797232009354;Escurridor Centrifugador De Verduras Crom;16000.0;12;precio_fijo;;15360.0;;;1;Precios Mayoristas
2000000006987;Espinazo x kg;7800.0;3;precio_fijo;;7644.0;;;1;Precios Mayoristas
2000000006987;Espinazo x kg;7800.0;12;precio_fijo;;7488.0;;;1;Precios Mayoristas
7790895001017;Fanta Naranja,25lt;5300.0;3;precio_fijo;;5194.0;;;1;Precios Mayoristas
7790895001017;Fanta Naranja,25lt;5300.0;12;precio_fijo;;5088.0;;;1;Precios Mayoristas
7793653231619;Fernando forte 1lt;1500.0;12;precio_fijo;;1440.0;;;1;Precios Mayoristas
7790290101602;Fernet 750cc Branca;20200.0;3;precio_fijo;;19796.0;;;1;Precios Mayoristas
7790290101602;Fernet 750cc Branca;20200.0;12;precio_fijo;;19392.0;;;1;Precios Mayoristas
2000000002460;Fiambre en fetas Sello de oro;20000.0;3;precio_fijo;;19600.0;;;1;Precios Mayoristas
7798031151862;Fideo tallarin 500g Sol Pampeano;1200.0;3;precio_fijo;;1176.0;;;1;Precios Mayoristas
7798031151862;Fideo tallarin 500g Sol Pampeano;1200.0;12;precio_fijo;;1152.0;;;1;Precios Mayoristas
000000000000;Fideos 400g Doña Maria;2400.0;3;precio_fijo;;2352.0;;;1;Precios Mayoristas
000000000000;Fideos 400g Doña Maria;2400.0;12;precio_fijo;;2304.0;;;1;Precios Mayoristas
7797470199268;Fideos Caracol Marolio 500g;1200.0;3;precio_fijo;;1176.0;;;1;Precios Mayoristas
7790070318343;Fideos Coditos Lucchetti 500g;1700.0;3;precio_fijo;;1666.0;;;1;Precios Mayoristas
7790070336545;Fideos Fetuccini 500g Don Vicente;3200.0;12;precio_fijo;;3072.0;;;1;Precios Mayoristas
7797470199237;Fideos Marolio Tirabuzon 500g;1200.0;12;precio_fijo;;1152.0;;;1;Precios Mayoristas
7790070320315;Fideos Mostachol Favorita 500g;1400.0;3;precio_fijo;;1372.0;;;1;Precios Mayoristas
7790070336149;Fideos Mostachol Lucchetti 500g;1700.0;12;precio_fijo;;1632.0;;;1;Precios Mayoristas
7798031153835;Fideos Mostachol Rallado 500g  Sol Pampeano;1200.0;3;precio_fijo;;1176.0;;;1;Precios Mayoristas
7798031153835;Fideos Mostachol Rallado 500g  Sol Pampeano;1200.0;12;precio_fijo;;1152.0;;;1;Precios Mayoristas
7797470005439;Fideos Moños Marolio 500g;1600.0;3;precio_fijo;;1568.0;;;1;Precios Mayoristas
7797470199367;Fideos Spaguetti Marolio 500g;1200.0;3;precio_fijo;;1176.0;;;1;Precios Mayoristas
7797470199367;Fideos Spaguetti Marolio 500g;1200.0;12;precio_fijo;;1152.0;;;1;Precios Mayoristas
7790070320292;Fideos Tallarin Favorita 500g;1400.0;3;precio_fijo;;1372.0;;;1;Precios Mayoristas
7790070320292;Fideos Tallarin Favorita 500g;1400.0;1200;precio_fijo;;1200.0;;;1;a partir de 3
7790070336118;Fideos Tallarin Lucchetti 500g;1700.0;3;precio_fijo;;1666.0;;;1;Precios Mayoristas
7790070336118;Fideos Tallarin Lucchetti 500g;1700.0;12;precio_fijo;;1632.0;;;1;Precios Mayoristas
7790590016477;Fosforos 3 patitos 222;1000.0;3;precio_fijo;;980.0;;;1;Precios Mayoristas
7790040144088;Gall Traviata Sandwitch x3 324g;2500.0;12;precio_fijo;;2400.0;;;1;Precios Mayoristas
7622300829728;Galletita Melba 120g;2000.0;3;precio_fijo;;1960.0;;;1;Precios Mayoristas
7790040139176;Galletita Polvorita vain frut 81g;1000.0;3;precio_fijo;;980.0;;;1;Precios Mayoristas
7791324157022;Galletita Vai 160g Pitusa;1200.0;12;precio_fijo;;1152.0;;;1;Precios Mayoristas
7790040139183;Galletita polvorita Chocolate 81g;1000.0;3;precio_fijo;;980.0;;;1;Precios Mayoristas
7790040139183;Galletita polvorita Chocolate 81g;1000.0;12;precio_fijo;;960.0;;;1;Precios Mayoristas
7790040139169;Galletita polvorita vain vain 81g;1000.0;12;precio_fijo;;960.0;;;1;Precios Mayoristas
7790040143005;Galletitas 3 x105 Mediatarde;2300.0;3;precio_fijo;;2254.0;;;1;Precios Mayoristas
7790263110839;Galletitas Leche 165g Okebon;1500.0;3;precio_fijo;;1470.0;;;1;Precios Mayoristas
7791324157084;Galletitas Pitusas Mousse ch 160g;1400.0;12;precio_fijo;;1344.0;;;1;Precios Mayoristas
7792684000591;Galletitas Puritos Bañados 160g Solitas;1700.0;12;precio_fijo;;1632.0;;;1;Precios Mayoristas
7790040003569;Galletitas Rex original 75g;2300.0;12;precio_fijo;;2208.0;;;1;Precios Mayoristas
7790040143517;Galletitas Rumba 110g;2000.0;12;precio_fijo;;1920.0;;;1;Precios Mayoristas
7622202839962;Galletitas Variedad Terrabusi mas choco 390g;3400.0;12;precio_fijo;;3264.0;;;1;Precios Mayoristas
7622201736033;Galletitas cerealitas 212g;2000.0;12;precio_fijo;;1920.0;;;1;Precios Mayoristas
7790971002327;Gelatina Frutilla Ravana 40g;1400.0;12;precio_fijo;;1344.0;;;1;Precios Mayoristas
7500435154420;Gillete PRESTOBARBA ultragrip2;1800.0;3;precio_fijo;;1764.0;;;1;Precios Mayoristas
7790391605023;Globos multicolor 25u Tuky;3700.0;3;precio_fijo;;3626.0;;;1;Precios Mayoristas
7790391605023;Globos multicolor 25u Tuky;3700.0;12;precio_fijo;;3552.0;;;1;Precios Mayoristas
7790580116675;Gomitas Misky Roll;1000.0;3;precio_fijo;;980.0;;;1;Precios Mayoristas
2000000004358;Gomitas Moritas yummy sueltas;20000.0;3;precio_fijo;;19600.0;;;1;Precios Mayoristas
2000000006475;Gomitas Uvitas Crunch x kg piñata;20000.0;3;precio_fijo;;19600.0;;;1;Precios Mayoristas
2000000006475;Gomitas Uvitas Crunch x kg piñata;20000.0;12;precio_fijo;;19200.0;;;1;Precios Mayoristas
2000000004860;Grasa de cerdo 500g;4000.0;3;precio_fijo;;3920.0;;;1;Precios Mayoristas
7794440045433;Guante Talle G. Virulana;4500.0;3;precio_fijo;;4410.0;;;1;Precios Mayoristas
7794440045433;Guante Talle G. Virulana;4500.0;12;precio_fijo;;4320.0;;;1;Precios Mayoristas
7790670053026;Hamburguesa Barfy x2 un;2000.0;3;precio_fijo;;1960.0;;;1;Precios Mayoristas
7790670053026;Hamburguesa Barfy x2 un;2000.0;12;precio_fijo;;1920.0;;;1;Precios Mayoristas
7792180140708;Harina Leudante 1kg Pureza;1800.0;12;precio_fijo;;1728.0;;;1;Precios Mayoristas
7790070562180;Harina Leudante Blanca flor 1kg;1900.0;3;precio_fijo;;1862.0;;;1;Precios Mayoristas
7790070562265;Harina favorita 0000 1kg;1600.0;12;precio_fijo;;1536.0;;;1;Precios Mayoristas
7792590005390;Harina integral 1k caserita;2000.0;12;precio_fijo;;1920.0;;;1;Precios Mayoristas
7798088852354;Helado Cono Bola 85g Acapulco;2000.0;3;precio_fijo;;1960.0;;;1;Precios Mayoristas
7798088852354;Helado Cono Bola 85g Acapulco;2000.0;12;precio_fijo;;1920.0;;;1;Precios Mayoristas
2000000007076;Helado agua Frut/framb 50g Acapulco;600.0;3;precio_fijo;;588.0;;;1;Precios Mayoristas
7798088851227;Helado bombon 52g Acapulco;1000.0;12;precio_fijo;;960.0;;;1;Precios Mayoristas
2000000007724;Huevo x unidad;300.0;3;precio_fijo;;294.0;;;1;Precios Mayoristas
2000000007724;Huevo x unidad;300.0;12;precio_fijo;;288.0;;;1;Precios Mayoristas
2000000003078;Huevos N2- Maple;5500.0;6;precio_fijo;;5900.0;;;1;Precios Mayoristas
2000000004952;Ibuevanol forte r/a x 1u;1500.0;3;precio_fijo;;1470.0;;;1;Precios Mayoristas
2000000004976;Ibuprofreno 600 x 1 tira Fabogesic;2000.0;3;precio_fijo;;1960.0;;;1;Precios Mayoristas
7790773007124;Isopos Qsoft 150 unidades;3900.0;3;precio_fijo;;3822.0;;;1;Precios Mayoristas
7798131250632;Jabon Blanco Heroe 200g;1000.0;12;precio_fijo;;960.0;;;1;Precios Mayoristas
7891150019560;Jabon Dove Karité 90g;2500.0;3;precio_fijo;;2450.0;;;1;Precios Mayoristas
7891150019560;Jabon Dove Karité 90g;2500.0;12;precio_fijo;;2400.0;;;1;Precios Mayoristas
7791293050867;Jabon Lux Orquidea 120g;1300.0;3;precio_fijo;;1274.0;;;1;Precios Mayoristas
7791293050867;Jabon Lux Orquidea 120g;1300.0;12;precio_fijo;;1248.0;;;1;Precios Mayoristas
7791293050966;Jabon Rexona sensible 120g;1800.0;12;precio_fijo;;1728.0;;;1;Precios Mayoristas
7790990002261;Jabon Zorro Lavado Matic 800g;2800.0;3;precio_fijo;;2744.0;;;1;Precios Mayoristas
7898422746827;Jabon dove exfoliación 90g;2500.0;12;precio_fijo;;2400.0;;;1;Precios Mayoristas
7794218106328;Jabon pan 200g Argentino;1400.0;12;precio_fijo;;1344.0;;;1;Precios Mayoristas
7790990002230;Jabon polvo Lav. Mano 800g Zorro;2800.0;3;precio_fijo;;2744.0;;;1;Precios Mayoristas
7791290792050;Jabon polvo ecolavado 800g ALA;3400.0;3;precio_fijo;;3332.0;;;1;Precios Mayoristas
7791290792036;Jabón Liquido ALA Matic Eco lavado 3L;9000.0;12;precio_fijo;;8640.0;;;1;Precios Mayoristas
7791274196010;Jabón líquido citrus splash 300ml;1500.0;3;precio_fijo;;1470.0;;;1;Precios Mayoristas
7790036000466;Jugo Multifruta 1lt Baggio;2800.0;12;precio_fijo;;2688.0;;;1;Precios Mayoristas
7730908404152;Jugo Rinde2 Naranja-Mango 13g;600.0;3;precio_fijo;;588.0;;;1;Precios Mayoristas
7798441563903;Kavanagh Cubre Cama 230x250 Verde Cla;49000.0;3;precio_fijo;;48020.0;;;1;Precios Mayoristas
7791866000381;Ketchup 250g Natura;2000.0;12;precio_fijo;;1920.0;;;1;Precios Mayoristas
2000000004983;Keterolac 20mg x 1u Microsules;600.0;3;precio_fijo;;588.0;;;1;Precios Mayoristas
2000000004983;Keterolac 20mg x 1u Microsules;600.0;12;precio_fijo;;576.0;;;1;Precios Mayoristas
7791600037345;Kevin desodorante spray 250ml;6100.0;3;precio_fijo;;5978.0;;;1;Precios Mayoristas
7793100120282;Kolinos Super Blancos 180g;4800.0;12;precio_fijo;;4608.0;;;1;Precios Mayoristas
7509546686486;Kolinos Super blanco 70g;2100.0;12;precio_fijo;;2016.0;;;1;Precios Mayoristas
2000000003023;Lascamicetina Cloranfenicol 250mg;9000.0;3;precio_fijo;;8820.0;;;1;Precios Mayoristas
6923634956915;Latita chicle;1000.0;3;precio_fijo;;980.0;;;1;Precios Mayoristas
6923634956915;Latita chicle;1000.0;12;precio_fijo;;960.0;;;1;Precios Mayoristas
7790132098459;Lavandina Ayudin original 1lt;1300.0;3;precio_fijo;;1274.0;;;1;Precios Mayoristas
7791905023227;Lavandina odex 4lt;4200.0;3;precio_fijo;;4116.0;;;1;Precios Mayoristas
7791905023227;Lavandina odex 4lt;4200.0;12;precio_fijo;;4032.0;;;1;Precios Mayoristas
7798338290486;Leche Angelita LV 1lt;2300.0;3;precio_fijo;;2254.0;;;1;Precios Mayoristas
7790036948294;Leche Chocolatada 1l Baggio;3500.0;3;precio_fijo;;3430.0;;;1;Precios Mayoristas
7790742348005;Leche desc la serenisima Sachet 1lt s;2000.0;12;precio_fijo;;1920.0;;;1;Precios Mayoristas
7790742348302;Leche entera sachet La Serenisima 1lt;2000.0;3;precio_fijo;;1960.0;;;1;Precios Mayoristas
7790742348302;Leche entera sachet La Serenisima 1lt;2000.0;12;precio_fijo;;1920.0;;;1;Precios Mayoristas
7798111061883;Leche yatasto Sachet 1Lt;1700.0;12;precio_fijo;;1632.0;;;1;Precios Mayoristas
2000000007328;Lechuga crespa x kg;3000.0;12;precio_fijo;;2880.0;;;1;Precios Mayoristas
7790813150131;Levadura mi Pan Calsa 10g;1000.0;3;precio_fijo;;980.0;;;1;Precios Mayoristas
7793253003579;Limpiador Poet Solo para ti 900ml;1900.0;3;precio_fijo;;1862.0;;;1;Precios Mayoristas
7793253003470;Limpiador Poet Suav Alg 900ml;1900.0;3;precio_fijo;;1862.0;;;1;Precios Mayoristas
7798426253546;Lunchera con botella;16000.0;12;precio_fijo;;15360.0;;;1;Precios Mayoristas
7790520031433;Lysoform Frescura Citrica 360cm3;4000.0;12;precio_fijo;;3840.0;;;1;Precios Mayoristas
2000000003061;Lámpara Led Candela 30;2500.0;3;precio_fijo;;2450.0;;;1;Precios Mayoristas
7798113300010;Manaos Cola 2,25l;2000.0;3;precio_fijo;;1960.0;;;1;Precios Mayoristas
7798113300010;Manaos Cola 2,25l;2000.0;12;precio_fijo;;1920.0;;;1;Precios Mayoristas
7798113301345;Manaos Guarana 2,25l;2000.0;3;precio_fijo;;1960.0;;;1;Precios Mayoristas
7798113301345;Manaos Guarana 2,25l;2000.0;12;precio_fijo;;1920.0;;;1;Precios Mayoristas
7798113300041;Manaos Naranja 2,25l;2000.0;3;precio_fijo;;1960.0;;;1;Precios Mayoristas
2000000004853;Mani Molido;3500.0;12;precio_fijo;;3360.0;;;1;Precios Mayoristas
2000000007373;Mani pelado salado x 280g Krachitos;6000.0;3;precio_fijo;;5880.0;;;1;Precios Mayoristas
7798426255076;Manta franel lisa Bordó 259 x 229 King;39000.0;3;precio_fijo;;38220.0;;;1;Precios Mayoristas
7790787960651;Manteca Ilolay 100g;2400.0;3;precio_fijo;;2352.0;;;1;Precios Mayoristas
77983343;Marlboro box x 12;5100.0;12;precio_fijo;;4896.0;;;1;Precios Mayoristas
7794000006096;Mayonesa Hellmanns 118g;900.0;3;precio_fijo;;882.0;;;1;Precios Mayoristas
7794000006072;Mayonesa Hellmans d/p x 475g;3000.0;3;precio_fijo;;2940.0;;;1;Precios Mayoristas
7791866001203;Mayonesa Natura 250g;2200.0;3;precio_fijo;;2156.0;;;1;Precios Mayoristas
7797470199930;Medallon carne x 12 Marolio;14000.0;3;precio_fijo;;13720.0;;;1;Precios Mayoristas
7797470199930;Medallon carne x 12 Marolio;14000.0;12;precio_fijo;;13440.0;;;1;Precios Mayoristas
2000000004990;Mejoral para niños x 1u. Gramon;1000.0;3;precio_fijo;;980.0;;;1;Precios Mayoristas
2000000004990;Mejoral para niños x 1u. Gramon;1000.0;12;precio_fijo;;960.0;;;1;Precios Mayoristas
7795184119763;Mermelada Noel Damasco 454g;3500.0;12;precio_fijo;;3360.0;;;1;Precios Mayoristas
2000000002057;Milanesa Pollo x kg;7500.0;3;precio_fijo;;7350.0;;;1;Precios Mayoristas
2000000002057;Milanesa Pollo x kg;7500.0;12;precio_fijo;;7200.0;;;1;Precios Mayoristas
2000000001869;Monopatin 4 Ruedas Metal Reforzado;48000.0;3;precio_fijo;;47040.0;;;1;Precios Mayoristas
7798422620014;Monster energy 473ml;3000.0;3;precio_fijo;;2940.0;;;1;Precios Mayoristas
7798422620014;Monster energy 473ml;3000.0;12;precio_fijo;;2880.0;;;1;Precios Mayoristas
7798422620045;Monster energy Mango;3000.0;12;precio_fijo;;2880.0;;;1;Precios Mayoristas
7796804005114;Mortadela 280gr 214;4100.0;12;precio_fijo;;3936.0;;;1;Precios Mayoristas
2000000004631;Mortadela Calchaquí x kg;20000.0;12;precio_fijo;;19200.0;;;1;Precios Mayoristas
7791866004211;Mostaza Natura d/p 250g;1500.0;12;precio_fijo;;1440.0;;;1;Precios Mayoristas
2000000007311;Naranja Jugo x kg;1500.0;3;precio_fijo;;1470.0;;;1;Precios Mayoristas
2000000007311;Naranja Jugo x kg;1500.0;12;precio_fijo;;1440.0;;;1;Precios Mayoristas
7891010253844;Neutrogena Hidratante 3 en 1;12500.0;3;precio_fijo;;12250.0;;;1;Precios Mayoristas
7790580134464;Noel Pizza 340g;1600.0;12;precio_fijo;;1536.0;;;1;Precios Mayoristas
77903501;Oblea Opera 55g;1400.0;3;precio_fijo;;1372.0;;;1;Precios Mayoristas
77903501;Oblea Opera 55g;1400.0;12;precio_fijo;;1344.0;;;1;Precios Mayoristas
7790064104839;Oleo Calcareo 500ml ESTRELLA;7100.0;12;precio_fijo;;6816.0;;;1;Precios Mayoristas
2000000002347;Oregano s/marca;1500.0;3;precio_fijo;;1470.0;;;1;Precios Mayoristas
2000000007472;Palangana Quechua;6000.0;3;precio_fijo;;5880.0;;;1;Precios Mayoristas
2000000002965;Palillero de mesa el coloso;1000.0;3;precio_fijo;;980.0;;;1;Precios Mayoristas
2000000002965;Palillero de mesa el coloso;1000.0;12;precio_fijo;;960.0;;;1;Precios Mayoristas
7794520868952;Palitos Salados Krachitos 70g;1300.0;3;precio_fijo;;1274.0;;;1;Precios Mayoristas
7794520868952;Palitos Salados Krachitos 70g;1300.0;12;precio_fijo;;1248.0;;;1;Precios Mayoristas
7795735601006;Pan Dulce Chips Choco 400g Don Satur;5600.0;3;precio_fijo;;5488.0;;;1;Precios Mayoristas
7795735601013;Pan Dulce con frutas 400g Don Satur;5500.0;12;precio_fijo;;5280.0;;;1;Precios Mayoristas
2000000007489;Pan Rallado 1kg Araí;2500.0;3;precio_fijo;;2450.0;;;1;Precios Mayoristas
7798164190165;Pan de mesa Mimago;3900.0;12;precio_fijo;;3744.0;;;1;Precios Mayoristas
7798164190479;Pan de mesa Mimago 590g;3200.0;12;precio_fijo;;3072.0;;;1;Precios Mayoristas
7798164190226;Pan mimago Hamburgueza;1700.0;12;precio_fijo;;1632.0;;;1;Precios Mayoristas
7798164190257;Pan mimago Panchos;1700.0;3;precio_fijo;;1666.0;;;1;Precios Mayoristas
2000000002217;Pan x kg;3200.0;3;precio_fijo;;3136.0;;;1;Precios Mayoristas
2000000002217;Pan x kg;3200.0;12;precio_fijo;;3072.0;;;1;Precios Mayoristas
7798066076413;Pancetitas slices 65g Chil;1600.0;3;precio_fijo;;1568.0;;;1;Precios Mayoristas
2000000006772;Pantalon Jogger c/cordon mujer;30000.0;12;precio_fijo;;28800.0;;;1;Precios Mayoristas
7798066076017;Papa frita 65g Chil;1500.0;3;precio_fijo;;1470.0;;;1;Precios Mayoristas
7794520869287;Papas Fritas Tradic Krachitos 50g;1700.0;3;precio_fijo;;1666.0;;;1;Precios Mayoristas
7794520869287;Papas Fritas Tradic Krachitos 50g;1700.0;12;precio_fijo;;1632.0;;;1;Precios Mayoristas
7790310985236;Papas fritas Lays Clasicas 40g;2300.0;3;precio_fijo;;2254.0;;;1;Precios Mayoristas
7790310985236;Papas fritas Lays Clasicas 40g;2300.0;12;precio_fijo;;2208.0;;;1;Precios Mayoristas
7791854203558;Papel higienico Calipso 1 x 30;500.0;3;precio_fijo;;490.0;;;1;Precios Mayoristas
7791854203558;Papel higienico Calipso 1 x 30;500.0;12;precio_fijo;;480.0;;;1;Precios Mayoristas
7790250015857;Papel higienico Higienol Max 80m;4000.0;3;precio_fijo;;3920.0;;;1;Precios Mayoristas
7790250016182;Papel higienico higienol fresh 4 x 30;2100.0;12;precio_fijo;;2016.0;;;1;Precios Mayoristas
2000000005003;Paracetamol 500 x 1u Schafer;300.0;3;precio_fijo;;294.0;;;1;Precios Mayoristas
2000000005003;Paracetamol 500 x 1u Schafer;300.0;12;precio_fijo;;288.0;;;1;Precios Mayoristas
7791218000144;Pascualina Orali Cri 380g;2700.0;3;precio_fijo;;2646.0;;;1;Precios Mayoristas
77958662;Pastilla mentoplus Menta;1000.0;3;precio_fijo;;980.0;;;1;Precios Mayoristas
7797394001265;Pastillas Mix Frutas 16gr TikTak;1200.0;3;precio_fijo;;1176.0;;;1;Precios Mayoristas
77991386;Pastillas frut/crema 16g TikTak;1200.0;12;precio_fijo;;1152.0;;;1;Precios Mayoristas
77020512;Pastillas menta fresca 16g TikTak;1200.0;12;precio_fijo;;1152.0;;;1;Precios Mayoristas
2000000007267;Pata Muslo Pollo x kg;4000.0;12;precio_fijo;;3840.0;;;1;Precios Mayoristas
7790360720382;Pate Swift lata 90g;1300.0;3;precio_fijo;;1274.0;;;1;Precios Mayoristas
7790250040750;Pañal Babysec P ultra soft  x12;3100.0;12;precio_fijo;;2976.0;;;1;Precios Mayoristas
7790250042075;Pañal Babysec XG Ultra 32u;10500.0;12;precio_fijo;;10080.0;;;1;Precios Mayoristas
7790250042051;Pañal Babysec ultrasoft M H/M 48u;10500.0;12;precio_fijo;;10080.0;;;1;Precios Mayoristas
7790250042792;Pañal Premium Soft 48u M Babysec;14500.0;12;precio_fijo;;13920.0;;;1;Precios Mayoristas
7790250042860;Pañal Premium soft 32u XG Babysec;14500.0;12;precio_fijo;;13920.0;;;1;Precios Mayoristas
7500435228596;Pañal XG Babysan 32u PAMPERS;17000.0;3;precio_fijo;;16660.0;;;1;Precios Mayoristas
7500435228640;Pañal babysan 8u XG Pampers;4500.0;3;precio_fijo;;4410.0;;;1;Precios Mayoristas
7500435228640;Pañal babysan 8u XG Pampers;4500.0;12;precio_fijo;;4320.0;;;1;Precios Mayoristas
7790250040798;Pañal babysec Ultra soft XXG 8u;3500.0;12;precio_fijo;;3360.0;;;1;Precios Mayoristas
7790250042891;Pañal premium XXG 30u Babysec;14500.0;12;precio_fijo;;13920.0;;;1;Precios Mayoristas
780258042082;Pañal ultra Soft XXG 30u babysec;10500.0;12;precio_fijo;;10080.0;;;1;Precios Mayoristas
7790250049333;Pañal ultra Soft XXXG 28u Babysec;15000.0;12;precio_fijo;;14400.0;;;1;Precios Mayoristas
7790250040781;Pañal ultra soft XG 8u BABYSEC;3500.0;3;precio_fijo;;3430.0;;;1;Precios Mayoristas
7500435228763;Pañales XG baby-Dry 36u Pampers;23000.0;3;precio_fijo;;22540.0;;;1;Precios Mayoristas
2000000006451;Paño amarillo Make;1000.0;12;precio_fijo;;960.0;;;1;Precios Mayoristas
7790250054962;Pañuelo x6 Elite;6000.0;3;precio_fijo;;5880.0;;;1;Precios Mayoristas
2000000007571;Pechuga pollo x Kg;12000.0;12;precio_fijo;;11520.0;;;1;Precios Mayoristas
7790400033083;Pegamento Eccole 3g;3500.0;12;precio_fijo;;3360.0;;;1;Precios Mayoristas
7798342710918;Peluche 1 metro;35500.0;12;precio_fijo;;34080.0;;;1;Precios Mayoristas
7791787000422;Pepas Trio Membrillo 200g;1500.0;3;precio_fijo;;1470.0;;;1;Precios Mayoristas
7791787000422;Pepas Trio Membrillo 200g;1500.0;12;precio_fijo;;1440.0;;;1;Precios Mayoristas
7791813888468;Pepsi Cola 2lt;3500.0;12;precio_fijo;;3360.0;;;1;Precios Mayoristas
77971913;Philips Morris Blue Spin 12u;4500.0;3;precio_fijo;;4410.0;;;1;Precios Mayoristas
041333014630;Pilas Duracell AA X 2;3000.0;12;precio_fijo;;2880.0;;;1;Precios Mayoristas
7791324157633;Pitusas Black Chocolate 130g;1400.0;12;precio_fijo;;1344.0;;;1;Precios Mayoristas
7791324157466;Pitusas Frutilla 160g;1400.0;12;precio_fijo;;1344.0;;;1;Precios Mayoristas
7791324157046;Pitusas chocolate 160g;1400.0;3;precio_fijo;;1372.0;;;1;Precios Mayoristas
7792180146397;Pizza Romana 470g Pietro;10500.0;12;precio_fijo;;10080.0;;;1;Precios Mayoristas
7798052363121;Pizzitos 80g Nikitos;1000.0;3;precio_fijo;;980.0;;;1;Precios Mayoristas
7798113302090;Placer Naranja 1.5l;1500.0;3;precio_fijo;;1470.0;;;1;Precios Mayoristas
7790580138738;Polenta Presto Pronta 490g;1700.0;12;precio_fijo;;1632.0;;;1;Precios Mayoristas
7790787087204;Postre Ilolay Confites;3400.0;3;precio_fijo;;3332.0;;;1;Precios Mayoristas
7790380026044;Postre Nucrem Original 150g;2000.0;3;precio_fijo;;1960.0;;;1;Precios Mayoristas
7790380026044;Postre Nucrem Original 150g;2000.0;12;precio_fijo;;1920.0;;;1;Precios Mayoristas
2000000007670;Pote Yuyo Anis/clavo/canela;3500.0;12;precio_fijo;;3360.0;;;1;Precios Mayoristas
7791014090325;Preservativo Tulipan clasico x 3;2500.0;12;precio_fijo;;2400.0;;;1;Precios Mayoristas
2000000007557;Prolongador zapatilla 5 Tomás 1,5mm;17000.0;3;precio_fijo;;16660.0;;;1;Precios Mayoristas
7790770602193;Protector Diario Normal suave 50u Calipso;2500.0;3;precio_fijo;;2450.0;;;1;Precios Mayoristas
7791337061422;Queso Crema La serenisima Clasico 290g;4700.0;3;precio_fijo;;4606.0;;;1;Precios Mayoristas
7790742222909;Queso Rallado la serenisima 35g;2000.0;3;precio_fijo;;1960.0;;;1;Precios Mayoristas
7790742222909;Queso Rallado la serenisima 35g;2000.0;12;precio_fijo;;1920.0;;;1;Precios Mayoristas
2000000002040;Queso cremoso Punta Agua;12000.0;3;precio_fijo;;11760.0;;;1;Precios Mayoristas
77905017;Quitaesmalte humectante 120ml Doree;3800.0;12;precio_fijo;;3648.0;;;1;Precios Mayoristas
7790580153380;Ramen Cup Carne 65g Arcor;3500.0;3;precio_fijo;;3430.0;;;1;Precios Mayoristas
7798241799021;Rastrillo profesional Plastico;6300.0;3;precio_fijo;;6174.0;;;1;Precios Mayoristas
7790560010689;Rejilla sed metal americ;1500.0;3;precio_fijo;;1470.0;;;1;Precios Mayoristas
7790560010689;Rejilla sed metal americ;1500.0;12;precio_fijo;;1440.0;;;1;Precios Mayoristas
7791293044484;Rexona Efficient fresh 100g;4800.0;12;precio_fijo;;4608.0;;;1;Precios Mayoristas
7790250056881;Rollos cocina Sussex Clasic 3x50;1900.0;12;precio_fijo;;1824.0;;;1;Precios Mayoristas
7792900092676;Sal Gruesa Dos Anclas 500g;1900.0;12;precio_fijo;;1824.0;;;1;Precios Mayoristas
7792900092706;Sal fina 500gr Dos Estrellas;1000.0;12;precio_fijo;;960.0;;;1;Precios Mayoristas
7792900000138;Sal fina estuche 500gr Dos Anclas;1600.0;3;precio_fijo;;1568.0;;;1;Precios Mayoristas
7790580697303;Saladix Pizza 100g Arcor;3600.0;3;precio_fijo;;3528.0;;;1;Precios Mayoristas
7790670052395;Salchicha Patyviena x 12u;5000.0;3;precio_fijo;;4900.0;;;1;Precios Mayoristas
7798260740134;Salchicha union ganadera 6 u;2500.0;3;precio_fijo;;2450.0;;;1;Precios Mayoristas
7790102000130;Salchichas Depin 6u;1400.0;3;precio_fijo;;1372.0;;;1;Precios Mayoristas
7790102000130;Salchichas Depin 6u;1400.0;12;precio_fijo;;1344.0;;;1;Precios Mayoristas
7798116163018;Salsa Chimichurri 270g Tahiti;2800.0;3;precio_fijo;;2744.0;;;1;Precios Mayoristas
7790580133184;Salsa Fileto Arcor 340g;1700.0;12;precio_fijo;;1632.0;;;1;Precios Mayoristas
7794000007994;Salsa Pizza Knor d/p 200g;1500.0;3;precio_fijo;;1470.0;;;1;Precios Mayoristas
7794000007994;Salsa Pizza Knor d/p 200g;1500.0;12;precio_fijo;;1440.0;;;1;Precios Mayoristas
7798116166019;Salsa Soja Tahiti 265cc;3600.0;12;precio_fijo;;3456.0;;;1;Precios Mayoristas
7790150079898;Saquito cafe la virginia 5g;400.0;3;precio_fijo;;392.0;;;1;Precios Mayoristas
7790150079898;Saquito cafe la virginia 5g;400.0;12;precio_fijo;;384.0;;;1;Precios Mayoristas
2000000006901;Secador doble goma ECO;1600.0;3;precio_fijo;;1568.0;;;1;Precios Mayoristas
2000000006901;Secador doble goma ECO;1600.0;12;precio_fijo;;1536.0;;;1;Precios Mayoristas
2000000007397;Secador doble goma Premium;2500.0;3;precio_fijo;;2450.0;;;1;Precios Mayoristas
2000000007397;Secador doble goma Premium;2500.0;12;precio_fijo;;2400.0;;;1;Precios Mayoristas
2000000006871;Secador goma negro 40cm;2500.0;3;precio_fijo;;2450.0;;;1;Precios Mayoristas
7793253005153;Selton Moscas y Mosquitos 360cc;4300.0;12;precio_fijo;;4128.0;;;1;Precios Mayoristas
7791337008489;Serenito c/chocobombas 118g;2700.0;3;precio_fijo;;2646.0;;;1;Precios Mayoristas
7798426253423;Set 6 vasos Vidrio 320ml;17000.0;12;precio_fijo;;16320.0;;;1;Precios Mayoristas
7798342712233;Set muñecas veterinaria;18000.0;12;precio_fijo;;17280.0;;;1;Precios Mayoristas
7791293046990;Shampoo Dove nutric oleos 200ml;4500.0;3;precio_fijo;;4410.0;;;1;Precios Mayoristas
7791293046990;Shampoo Dove nutric oleos 200ml;4500.0;12;precio_fijo;;4320.0;;;1;Precios Mayoristas
7790010003063;Shampoo Jhonson baby Manzanilla 200ml;6900.0;3;precio_fijo;;6762.0;;;1;Precios Mayoristas
7790010003063;Shampoo Jhonson baby Manzanilla 200ml;6900.0;12;precio_fijo;;6624.0;;;1;Precios Mayoristas
7790740000240;Shampoo Plusbelle frescura 1000ml;4000.0;3;precio_fijo;;3920.0;;;1;Precios Mayoristas
7791293045658;Shampoo Sedal brillo ceramidas 190ml;3300.0;3;precio_fijo;;3234.0;;;1;Precios Mayoristas
77982704;Shampoo Sedal crema sachet 10ml;400.0;12;precio_fijo;;384.0;;;1;Precios Mayoristas
7791293045702;Shampoo ceramidas 300ml d/p SEDAL;3800.0;12;precio_fijo;;3648.0;;;1;Precios Mayoristas
7796038005157;Silvato sylcon x11u;2500.0;12;precio_fijo;;2400.0;;;1;Precios Mayoristas
7791250001871;Smirnoff Raspberry 700ml;9600.0;3;precio_fijo;;9408.0;;;1;Precios Mayoristas
7791250002243;Smirnoff Watermelon 700ml;9600.0;3;precio_fijo;;9408.0;;;1;Precios Mayoristas
7798176570399;Solución Fisiológica 100cc Sanafarm;2000.0;3;precio_fijo;;1960.0;;;1;Precios Mayoristas
7798119220183;Speed 473ml;3000.0;3;precio_fijo;;2940.0;;;1;Precios Mayoristas
7791290793682;Suavizante Confort clasico 900ml;4300.0;3;precio_fijo;;4214.0;;;1;Precios Mayoristas
7791905000921;Suavizante Flor.silv 900 Querubin;3500.0;12;precio_fijo;;3360.0;;;1;Precios Mayoristas
7797470007167;Suavizante Fresc Siv 900cc d/p Esencial;2000.0;12;precio_fijo;;1920.0;;;1;Precios Mayoristas
7790990000618;Suavizante Suave viol/campo;2500.0;3;precio_fijo;;2450.0;;;1;Precios Mayoristas
7797470129098;Suavizante dulz Sol 900cc d/p esencial;2000.0;3;precio_fijo;;1960.0;;;1;Precios Mayoristas
7790040143364;Surtidos Diversion Arcor 400g;3500.0;12;precio_fijo;;3360.0;;;1;Precios Mayoristas
7500810041734;Takis Intense Nachos 85g;2800.0;3;precio_fijo;;2744.0;;;1;Precios Mayoristas
7500810041734;Takis Intense Nachos 85g;2800.0;12;precio_fijo;;2688.0;;;1;Precios Mayoristas
7500810034477;Takis Original 85g;2800.0;12;precio_fijo;;2688.0;;;1;Precios Mayoristas
7500810034491;Takis original 49g;1900.0;12;precio_fijo;;1824.0;;;1;Precios Mayoristas
7791218124536;Tapa empanada Criolla Orali 12u;2500.0;3;precio_fijo;;2450.0;;;1;Precios Mayoristas
75077556;Te Vick Forte 5g;3800.0;12;precio_fijo;;3648.0;;;1;Precios Mayoristas
7790387001426;Te manzanilla Taragui 20 saq;2000.0;3;precio_fijo;;1960.0;;;1;Precios Mayoristas
7790387001426;Te manzanilla Taragui 20 saq;2000.0;12;precio_fijo;;1920.0;;;1;Precios Mayoristas
7790387800135;Te taragui 25u;1000.0;3;precio_fijo;;980.0;;;1;Precios Mayoristas
7791914008741;Test embarazo coronet;2900.0;12;precio_fijo;;2784.0;;;1;Precios Mayoristas
7794626014932;Toalla Femenina  c/a 8u Cotex;3000.0;12;precio_fijo;;2880.0;;;1;Precios Mayoristas
7500435229500;Toalla Femenina Always nocturna 8u;3700.0;12;precio_fijo;;3552.0;;;1;Precios Mayoristas
7790770602117;Toalla Femenina nocturna 8u Calipso;1600.0;12;precio_fijo;;1536.0;;;1;Precios Mayoristas
7794626012525;Toalla humeda x 48u Kimbies;2900.0;3;precio_fijo;;2842.0;;;1;Precios Mayoristas
7794626012525;Toalla humeda x 48u Kimbies;2900.0;12;precio_fijo;;2784.0;;;1;Precios Mayoristas
7790064104686;Toallas humedas Cuidado Diario Estrella 50u;3500.0;3;precio_fijo;;3430.0;;;1;Precios Mayoristas
7896061990687;Toallas humedas baby sec 50u;3000.0;12;precio_fijo;;2880.0;;;1;Precios Mayoristas
7790064104679;Toallas humedas cuid. rel. Estrella x 50u;3500.0;12;precio_fijo;;3360.0;;;1;Precios Mayoristas
7790064104693;Toallita  húmeda H/Sens Estrella 50u;3800.0;3;precio_fijo;;3724.0;;;1;Precios Mayoristas
2000000004570;Tomate Redondo;2500.0;12;precio_fijo;;2400.0;;;1;Precios Mayoristas
7790696003005;Tomate triturado botella S&P 970g;3000.0;12;precio_fijo;;2880.0;;;1;Precios Mayoristas
7798136921742;Trapo piso 58x60 Media Naranja;2900.0;3;precio_fijo;;2842.0;;;1;Precios Mayoristas
77940131;Turron mani Arcor 25g;400.0;3;precio_fijo;;392.0;;;1;Precios Mayoristas
7798052363152;Tutuca Nikitos 80g;900.0;12;precio_fijo;;864.0;;;1;Precios Mayoristas
2000000006215;Vasos Plasticos descartables 1u;400.0;3;precio_fijo;;392.0;;;1;Precios Mayoristas
2000000006215;Vasos Plasticos descartables 1u;400.0;12;precio_fijo;;384.0;;;1;Precios Mayoristas
7790391466297;Vela estrella/globo x 1u;2900.0;3;precio_fijo;;2842.0;;;1;Precios Mayoristas
2000000007168;Vela torneada por 1u TUKI;1000.0;3;precio_fijo;;980.0;;;1;Precios Mayoristas
7797470126592;Velas x 4 el Buda 16x205;2000.0;3;precio_fijo;;1960.0;;;1;Precios Mayoristas
7797470130452;Velas x4 Esencial 16X205;1900.0;12;precio_fijo;;1824.0;;;1;Precios Mayoristas
7790070760579;Vino 750ml Benjamin;4500.0;12;precio_fijo;;4320.0;;;1;Precios Mayoristas
7790036046327;Vino Uvita Tinto;2000.0;3;precio_fijo;;1960.0;;;1;Precios Mayoristas
7790036046327;Vino Uvita Tinto;2000.0;12;precio_fijo;;1920.0;;;1;Precios Mayoristas
7794440001729;Virulana rollitos x6;1300.0;12;precio_fijo;;1248.0;;;1;Precios Mayoristas
7790710334597;Yerba CBC Limón 500g;1900.0;12;precio_fijo;;1824.0;;;1;Precios Mayoristas
7792710000182;Yerba Mate amanda tradic 500g;2000.0;12;precio_fijo;;1920.0;;;1;Precios Mayoristas
7790387014624;Yerba Union Suave original 500g;2800.0;12;precio_fijo;;2688.0;;;1;Precios Mayoristas
7790787960378;Yogur Ilolay Frime Vain 120g;1200.0;12;precio_fijo;;1152.0;;;1;Precios Mayoristas
7790787960361;Yogur Ilolay frutilla 120g;1200.0;3;precio_fijo;;1176.0;;;1;Precios Mayoristas
7793913014235;Yogur Mango/maracuya Tregar 150g;1800.0;3;precio_fijo;;1764.0;;;1;Precios Mayoristas
7793913014235;Yogur Mango/maracuya Tregar 150g;1800.0;12;precio_fijo;;1728.0;;;1;Precios Mayoristas
7793913014204;Yogur Tregar Durazno 150g;1500.0;3;precio_fijo;;1470.0;;;1;Precios Mayoristas
7793913013696;Yogur con cereales tregar 164g;1800.0;3;precio_fijo;;1764.0;;;1;Precios Mayoristas
7793913013696;Yogur con cereales tregar 164g;1800.0;12;precio_fijo;;1728.0;;;1;Precios Mayoristas
7793913014198;Yogur tregar Frutilla 150g;1800.0;12;precio_fijo;;1728.0;;;1;Precios Mayoristas
7793913014242;Yogur tregar cereza150g;1900.0;3;precio_fijo;;1862.0;;;1;Precios Mayoristas
7793913014242;Yogur tregar cereza150g;1900.0;12;precio_fijo;;1824.0;;;1;Precios Mayoristas
2000000007342;Zanahoria x kg;1800.0;12;precio_fijo;;1728.0;;;1;Precios Mayoristas
7790070040046;pizza muzza/Jamon Sibarita;11500.0;12;precio_fijo;;11040.0;;;1;Precios Mayoristas
7790139000462;Alcohol Etilico 96% Bialcohol 250ml;2500.0;3;precio_fijo;;2450.0;;;1;Precios Mayoristas
7794000007451;Almidon Maiz Maizena Original 220g;2600.0;12;precio_fijo;;2496.0;;;1;Precios Mayoristas
7790199605812;Avena Morixe Instantanea 280g;1700.0;3;precio_fijo;;1666.0;;;1;Precios Mayoristas
7790070432971;Bizcochuelo Chocolate 540g Exquisita;5900.0;12;precio_fijo;;5664.0;;;1;Precios Mayoristas
7792798015061;Brahma laton 710cc;3500.0;3;precio_fijo;;3430.0;;;1;Precios Mayoristas
7791290795624;Cif limpia vidrios 450ml d/p;2100.0;12;precio_fijo;;2016.0;;;1;Precios Mayoristas
7794820902028;Dulce de leche 245g Milkaut;2700.0;3;precio_fijo;;2646.0;;;1;Precios Mayoristas
7791293051208;Jabon dove original 60g;2300.0;12;precio_fijo;;2208.0;;;1;Precios Mayoristas
7795184119756;Mermelada Noel Durazno 454g;3500.0;3;precio_fijo;;3430.0;;;1;Precios Mayoristas
7790580134464;Noel Pizza 340g;1600.0;3;precio_fijo;;1568.0;;;1;Precios Mayoristas
7792900990613;Oregano Dos Anclas 25g;1600.0;3;precio_fijo;;1568.0;;;1;Precios Mayoristas
2000000005287;Qura Plus x 1u;2000.0;3;precio_fijo;;1960.0;;;1;Precios Mayoristas
7798116163087;Salsa Aji Picante Tahiti;3500.0;12;precio_fijo;;3360.0;;;1;Precios Mayoristas
7797470007167;Suavizante Fresc Siv 900cc d/p Esencial;2000.0;3;precio_fijo;;1960.0;;;1;Precios Mayoristas
7790387014136;Yerba union suave 1kg;7500.0;3;precio_fijo;;7350.0;;;1;Precios Mayoristas
7793913014204;Yogur Tregar Durazno 150g;1500.0;12;precio_fijo;;1440.0;;;1;Precios Mayoristas
